번호,운영기관명,상품명,운영기관구분,상품구분,학자금유형구분,학년구분,지원내역 상세내용
1,서울특별시 양천구청,일반장학금,지자체,장학금,지역연고,해당없음,600000원
2,서울특별시 양천구청,성적우수장학금,지자체,장학금,지역연고,해당없음,600000원
3,서울특별시 양천구청,특기장학금,지자체,장학금,특기자,해당없음,600000원
4,대전인재육성장학재단,희망장학생,지자체,장학금,지역연고,해당없음,700000원
5,(재)옹진군인재육성재단,응원장학금,지자체,장학금,지역연고,해당없음,1000000원 이내 
6,우리다문화장학재단,특기장학,민간(기업),장학금,특기자,1학년/2학년/3학년/제한없음,5000000원
7,우리다문화장학재단,특별장학(코로나19 피해 소상공인 자녀),민간(기업),장학금,소득구분,1학년/2학년/3학년/제한없음,500000원
8,봉평태기장학회,일반장학생,민간(기타),장학금,지역연고,해당없음,500000원
9,봉평태기장학회,예체능특기생,민간(기타),장학금,특기자,해당없음,해당없음
10,양양군인재육성장학회,우등장학생,민간(기타),장학금,지역연고,1학년/2학년/3학년/제한없음,해당없음
11,양양군인재육성장학회,유공및저소득층자녀장학생,민간(기타),장학금,지역연고,1학년/2학년/3학년/제한없음,해당없음
12,양양군인재육성장학회,특기장학생,민간(기타),장학금,특기자,1학년/2학년/3학년/제한없음,해당없음
13,동해시민장학회,장학생,지자체,장학금,지역연고,1학년/2학년/3학년/제한없음,600000원
14,동해시민장학회,예·체능 특기생,지자체,장학금,특기자,1학년/2학년/3학년/제한없음,700000원
15,신용회복위원회,새희망힐링펀드 장학사업,관계부처,장학금,소득구분,1학년/2학년/3학년/제한없음,500000원
16,횡성인재육성장학회,성적우수부문,지자체,장학금,성적우수,1학년/2학년/3학년/제한없음,500000원
17,횡성인재육성장학회,예능특기부문,지자체,장학금,특기자,1학년/2학년/3학년/제한없음,500000원
18,횡성인재육성장학회,희망장학부문,지자체,장학금,소득구분,1학년/2학년/3학년/제한없음,저소득주민자녀/취약계층 : 500000원SOS부문: 1000000원
19,한국노총장학문화재단,장학생,민간(기업),장학금,기타,해당없음,1000000원 
20,재단법인 부천교육문화재단(미사용),꿈키움 장학생,민간(기타),장학금,기타,1학년/2학년/3학년/제한없음,1200000원원
21,순천시인재육성장학회,성적우수장학금,지자체,장학금,지역연고,1학년/2학년/3학년,특성화고/일반계고 : 1000000원방송통신고등학생 : 700000원
22,장흥군인재육성장학회,저소득고등학생,지자체,장학금,지역연고,1학년/2학년/3학년/제한없음,500000원 * 생활비 지원 성격
23,강원랜드사회공헌위원회,하이원SOS장학,민간(기업),장학금,지역연고,해당없음,최대 1000000원 
24,재단법인구례장학회,FFK대회 입상자,지자체,장학금,특기자,1학년/2학년/3학년/제한없음,금: 1500000원은: 1000000원동: 700000원
25,당진화력장학회,성적장학금,민간(기업),장학금,지역연고,1학년/2학년/3학년/제한없음,성적 상위 30% 각 1000000원성적 상위 50% 각 800000원성적 하위 50% 각 600000원
26,당진화력장학회,복지장학금,민간(기업),장학금,지역연고,1학년/2학년/3학년/제한없음,1000000원
27,당진화력장학회,특기장학금,민간(기업),장학금,특기자,1학년/2학년/3학년/제한없음,1000000원
28,통영시지속가능발전교육재단,인재육성장학금(우수),지자체,장학금,특기자,1학년/2학년/3학년/제한없음,최대 10000000원
29,녹색교통,장학생,민간(기타),장학금,기타,1학년/2학년/3학년/제한없음,500000원 (분기별 지원)문화체험활동도서 교복 등 물품지원가정심리치유 지원
30,한국방정환재단,복지장학금,민간(기타),장학금,소득구분,1학년/2학년/3학년/제한없음,학기당 최대 1600000원 ※ 수업료 및 기타경비(학교운영비 방과후수강권 체험학습비 수학여행비 등) 용도로 사용가능
31,한국방정환재단,성적장학금,민간(기타),장학금,성적우수,1학년/2학년/3학년/제한없음,최대 2300000원 (심사결과에 따라 차등지급) ※ 수업료 및 기타 교육경비(학교운영비 급식비 방과후수강권 체험학습비 수학여행비 등)
32,재단법인 여객선안전재단,장학생,민간(기타),장학금,기타,1학년/2학년/3학년/제한없음,1000000원
33,광주광역시서구장학재단,특별장학생,지자체,장학금,지역연고,1학년/2학년/3학년/제한없음,500000원
34,새문안교회,장학금,민간(기타),장학금,기타,1학년/2학년/3학년/제한없음,해당없음
35,엔젤스헤이븐타조장학회,꿈더하기장학생,민간(기업),장학금,기타,1학년/2학년/3학년/제한없음,1인당 최대 1000000원
36,강화군산림조합,조합원자녀장학금,민간(기타),장학금,기타,1학년/2학년/3학년/제한없음,500000원
37,백곡장학회,장학생,민간(기타),장학금,지역연고,1학년/2학년/3학년/제한없음,500000원
38,수협재단,수협 장학금,민간(기타),장학금,소득구분,1학년/2학년/3학년/제한없음,1000000원 * 생활비 보조 성격 장학
39,굿패밀리복지재단,굿패밀리장학생,민간(기타),장학금,소득구분,해당없음,300000원
40,한국장학재단,해외유학장학금(드림장학금),한국장학재단,장학금,지역연고,1학년/2학년/3학년/제한없음, * 해외대학 진학을 위한 학업장려비월 500000원(2학년)월 700000원(3학년)
41,한국장학재단,복권기금꿈사다리장학(꿈장학금),한국장학재단,장학금,소득구분,1학년/2학년/3학년/제한없음,월 350000원1:1 멘토링 지원 진로·진학 맞춤 컨설팅 제공(고1고2 학생)멘토링캠프 (고2 학생)
42,한국장학재단,복권기금꿈사다리장학(재능장학금),한국장학재단,장학금,특기자,1학년/2학년/3학년/제한없음,월 350000원1:1 멘토링 지원 진로·진학 맞춤 컨설팅 제공(고1고2 학생)멘토링캠프 (고2 학생)
43,한국장학재단,복권기금꿈사다리장학(SOS),한국장학재단,장학금,소득구분,1학년/2학년/3학년/제한없음,월 300000원 * 선발 후 총 10개월간 한시적으로 지원
44,서울특별시 광진구청,일반장학생,지자체,장학금,지역연고,1학년/2학년/3학년/제한없음,1000000원
45,서울특별시 광진구청,성적우수장학생,지자체,장학금,지역연고,1학년/2학년/3학년/제한없음,1000000원
46,재단법인 강서구장학회(서울),모범장학생,지자체,장학금,지역연고,해당없음,1000000원 (학업장려금)
47,재단법인 강서구장학회(서울),특기장학생,지자체,장학금,지역연고,해당없음,1000000원
48,서울특별시 성동구청,성적우수장학생,지자체,장학금,지역연고,1학년,학업장려금 1000000원
49,서울특별시 성동구청,예체능특기장학생,지자체,장학금,지역연고,1학년/2학년/3학년/제한없음,1000000원
50,서울특별시 성동구청,저소득장학생,지자체,장학금,지역연고,1학년/2학년/3학년/제한없음,학업장려금 1000000원
51,용산구청,꿈나무(성적우수장학생),지자체,장학금,지역연고,1학년/2학년/3학년/제한없음,500000원
52,용산구청,꿈나무(예체능특기),지자체,장학금,특기자,1학년/2학년/3학년/제한없음,500000원
53,부산광역시 기장군청,특기장학금,지자체,장학금,특기자,1학년/2학년/3학년/제한없음,500000원
54,부평구청,저소득고등학생장학금,지자체,장학금,지역연고,1학년/2학년/3학년/제한없음,1인 500000원
55,경기도 동두천시청,다자녀장학생,지자체,장학금,지역연고,1학년/2학년/3학년/제한없음,500000원
56,경기도 광주시청,귀뚜라미그룹 장학금,지자체,장학금,소득구분,1학년/2학년/3학년/제한없음,1000000원
57,경기도 가평군청,으뜸장학생,지자체,장학금,지역연고,1학년/2학년/3학년/제한없음,600000원 
58,경기도 가평군청,특기장학생,지자체,장학금,특기자,1학년/2학년/3학년/제한없음,600000원
59,경기도 가평군청,복지장학생,지자체,장학금,지역연고,1학년/2학년/3학년/제한없음,600000원
60,경기도 가평군청,환경장학생,지자체,장학금,지역연고,해당없음,600000원
61,경기도 연천군청,향토장학생(선/효행),지자체,장학금,지역연고,해당없음,800000원
62,경기도 연천군청,향토장학생(우수),지자체,장학금,지역연고,해당없음,800000원
63,경기도 연천군청,향토장학생(일반),지자체,장학금,지역연고,해당없음,800000원
64,경기도 연천군청,향토장학생(특기),지자체,장학금,지역연고,해당없음,800000원
65,여주시 인재육성장학회,입학우수,지자체,장학금,지역연고,해당없음,1000000원
66,여주시 인재육성장학회,성적우수,지자체,장학금,지역연고,해당없음,1000000원
67,여주시 인재육성장학회,특기,지자체,장학금,지역연고,해당없음,1000000원
68,강원도 홍천군청,저소득주민자녀장학금 (일반),지자체,장학금,소득구분,1학년/2학년/3학년/제한없음,해당없음
69,강원도 홍천군청,저소득주민자녀장학금 (특별),지자체,장학금,특기자,1학년/2학년/3학년/제한없음,해당없음
70,강원도 평창군청,자립장학생,지자체,장학금,지역연고,해당없음,600000원(생활비)
71,강원도 평창군청,예체능특기장학생,지자체,장학금,지역연고,해당없음,600000원 (생활비)
72,강원도 속초시청,애향장학생,지자체,장학금,지역연고,해당없음,해당없음
73,강원도 원주시청,학업성적우수인재,지자체,장학금,지역연고,1학년/2학년/3학년/제한없음,1000000원 * 학습지원비 명목의 장학금으로 타 장학금과 중복 수혜 가능
74,재단법인 부여군굿뜨래장학회,재능장학생 ,지자체,장학금,특기자,1학년/2학년/3학년/제한없음,500000원
75,재단법인 천안사랑장학재단,천안사랑 장학금,지자체,장학금,특기자,1학년/2학년/3학년/제한없음,700000원
76,재단법인 천안사랑장학재단,기능 장학금,지자체,장학금,지역연고,1학년/2학년/3학년/제한없음,900000원
77,군산시청,근로자자녀장학금,지자체,장학금,지역연고,1학년/2학년/3학년/제한없음,1000000원
78,정읍시청,다자녀(셋째아) 고등학생 학자금,지자체,장학금,지역연고,1학년/2학년/3학년,고등학교 재학생의 수업료
79,전라북도 남원시청,춘향인재장학생 우수,지자체,장학금,기타,1학년/2학년/3학년/제한없음,1000000원 ~ 5000000원까지 * 자세한 사항은 첨부파일 참조
80,전라남도 곡성군청,성적우수자녀장학생,지자체,장학금,지역연고,해당없음,500000원
81,전라남도 해남군청,명문고 육성 장학생,지자체,장학금,지역연고,1학년/2학년/3학년,희망 : 600000원기능영재 : 1000000원 
82,전라남도 해남군청,해남미래인재 장학생,지자체,장학금,지역연고,1학년/2학년/3학년/제한없음,600000원 ~ 1000000원* 자세한 사항은 첨부파일 참고
83,(재)영암군민장학회,종합학력우수학생장학금,지자체,장학금,지역연고,해당없음,800000원
84,(재)영암군민장학회,기능문화예술체육진흥장학금,지자체,장학금,지역연고,해당없음,800000원
85,(재)영암군민장학회,모범학생장학금,지자체,장학금,지역연고,해당없음,800000원
86,전라남도 영광군청,학업우수장학생,지자체,장학금,지역연고,1학년/2학년/3학년/제한없음,800000원
87,전라남도 영광군청,"예체능 특기(체육,문예,인재)",지자체,장학금,특기자,해당없음,각 분야 모두 800000원
88,전라남도 영광군청,복지장학금,지자체,장학금,지역연고,1학년/2학년/3학년/제한없음,800000원
89,경상북도 봉화군청,희망복지장학금,지자체,장학금,지역연고,1학년/2학년/3학년/제한없음,500000원 * 타 장학금과 중복수혜자는 차액분만 지급
90,경상북도청,근로자자녀장학생,지자체,장학금,지역연고,해당없음,700000원
91,재단법인 상주시장학회,진학장학금,지자체,장학금,지역연고,1학년,500000원
92,재단법인 상주시장학회,나래장학금,지자체,장학금,지역연고,1학년/2학년/3학년/제한없음,500000원
93,재단법인 상주시장학회,희망장학금,지자체,장학금,지역연고,1학년/2학년/3학년,500000원
94,재단법인 상주시장학회,푸름이장학금,지자체,장학금,지역연고,1학년/2학년/3학년/제한없음,500000원
95,재단법인 상주시장학회,재능키움장학생,지자체,장학금,특기자,1학년/2학년/3학년/제한없음,각 학교 별도 통보
96,재단법인 상주시장학회,특별장학금(전입고등학생),지자체,장학금,지역연고,1학년/2학년/3학년/제한없음,500000원
97,경상남도 고성군청,고성군체육진흥기금,지자체,장학금,특기자,1학년/2학년/3학년/제한없음,고성군체육진흥기금운용심의위원회에서 결정
98,재단법인 거창군장학회,고등학생장학(성적),지자체,장학금,지역연고,해당없음,500000원
99,재단법인 거창군장학회,고등학생장학(면학),지자체,장학금,지역연고,해당없음,500000원
100,재단법인 거창군장학회,예·체능 및 과학 특기장학금,지자체,장학금,지역연고,해당없음,1000000원
101,경상남도 통영시청,저소득 주민자녀 장학금,지자체,장학금,지역연고,1학년/2학년/3학년,700000원
102,제주특별자치도청,근로청소년,지자체,장학금,지역연고,해당없음,연간수업료
103,제주특별자치도청,의용소방대자녀,지자체,장학금,지역연고,해당없음,연간 수업료
104,제주특별자치도청,모범청소년,지자체,장학금,지역연고,해당없음,연간 수업료
105,제주특별자치도청,의사상자자녀,지자체,장학금,지역연고,해당없음,연간수업료
106,제주특별자치도청,중증장애인가족 및 다문화가족자녀,지자체,장학금,지역연고,해당없음,연간 수업료
107,제주특별자치도청,청소년지도협의회회원자녀,지자체,장학금,지역연고,해당없음,연간 수업료
108,제주특별자치도청,지역자율방재단회원자녀,지자체,장학금,지역연고,해당없음,연간수업료
109,금천미래장학회,예체능특기자,지자체,장학금,특기자,1학년/2학년/3학년/제한없음,1500000원
110,금천미래장학회,선행장학생,지자체,장학금,지역연고,1학년/2학년/3학년/제한없음,1000000원
111,금천미래장학회,자기주도꿈이룸,지자체,장학금,소득구분,1학년/2학년/3학년/제한없음,1800000원
112,재단법인은평구민장학재단,특기장학금,지자체,장학금,특기자,1학년,500000원
113,부산진구장학회,고등학생장학금,지자체,장학금,지역연고,1학년/2학년/3학년/제한없음,1인당 1000000원 
114,재단법인 동래장학회,장학생,지자체,장학금,지역연고,해당없음,1000000원
115,(재)부산북구장학회,장학생,지자체,장학금,지역연고,1학년/2학년/3학년/제한없음,500000원
116,(재)행복영도장학회,장학생,지자체,장학금,지역연고,해당없음,고3 : 2000000원고1~2학년 : 1000000원
117,재단법인 달성교육재단,일반장학생,지자체,장학금,지역연고,해당없음,1000000원 
118,재단법인 달성교육재단,예/체/기능 특기자,지자체,장학금,지역연고,해당없음,500000원 
119,재단법인 동구교육발전장학회,우수장학금,지자체,장학금,지역연고,1학년,1000000원
120,재단법인 동구교육발전장학회,특기장학금,지자체,장학금,지역연고,1학년/2학년/3학년/제한없음,1000000원
121,재단법인 동구교육발전장학회,희망장학생,지자체,장학금,지역연고,1학년/2학년/3학년/제한없음,1000000원
122,재단법인 동구교육발전장학회,특별장학생,지자체,장학금,지역연고,해당없음,1000000원
123,재단법인 동구교육발전장학회,코로나19장학금,지자체,장학금,기타,1학년/2학년/3학년/제한없음,1000000원
124,재단법인 대구광역시서구인재육성재단,특기 장학생,지자체,장학금,특기자,해당없음,800000원
125,재단법인 대구광역시서구인재육성재단,희망 장학생,지자체,장학금,지역연고,1학년/2학년/3학년/제한없음,800000원
126,재단법인 대구광역시서구인재육성재단,모범 장학생,지자체,장학금,지역연고,1학년/2학년/3학년/제한없음,800000원
127,재단법인강화군장학회,장학생,지자체,장학금,지역연고,해당없음,500000원 
128,빛고을장학재단,이사장추천장학생,지자체,장학금,지역연고,해당없음,500000원
129,빛고을장학재단,생계곤란 장학생 ,지자체,장학금,지역연고,해당없음,500000원
130,빛고을장학재단,"예,체능 특기 장학생",지자체,장학금,특기자,해당없음,500000원
131,빛고을장학재단,학업장려장학생,지자체,장학금,지역연고,해당없음,500000원
132,재단법인 충청남도평생교육인재육성진흥원,충남형인재 장학생,지자체,장학금,특기자,1학년/2학년/3학년/제한없음,연 2000000원 (최대 6년 지급)
133,재단법인남양주장학재단,재능장학생,지자체,장학금,특기자,1학년/2학년/3학년/제한없음,700000원
134,재단법인 성남시장학회,재단장학생,지자체,장학금,지역연고,1학년,700000원
135,재단법인 성남시장학회,성남장학생,지자체,장학금,지역연고,1학년,700000원
136,재단법인 성남시장학회,자립장학생,지자체,장학금,지역연고,1학년,700000원
137,재단법인 성남시장학회,특기장학생,지자체,장학금,특기자,1학년,700000원
138,김포시민장학회,일반장학생,지자체,장학금,지역연고,해당없음,500000원
139,김포시민장학회,기능/예체능 장학생,지자체,장학금,지역연고,해당없음,1500000원
140,재단법인 부천장학재단,성적우수장학금,지자체,장학금,지역연고,1학년,300000원
141,재단법인 부천장학재단,가정환경장학금,지자체,장학금,지역연고,1학년,300000원
142,재단법인 수원시장학재단,우수장학생,지자체,장학금,지역연고,1학년/2학년/3학년/제한없음,500000원 (생활비)
143,재단법인 수원시장학재단,희망장학생,지자체,장학금,지역연고,1학년/2학년/3학년/제한없음,500000원
144,재단법인 수원시장학재단,행복장학생,지자체,장학금,지역연고,1학년/2학년/3학년/제한없음,500000원
145,재단법인 수원시장학재단,특기장학생,지자체,장학금,특기자,1학년/2학년/3학년/제한없음,500000원
146,재단법인 수원시장학재단,과학장학생,지자체,장학금,특기자,1학년/2학년/3학년/제한없음,500000원
147,오산교육재단,우수인재 장학금,지자체,장학금,지역연고,1학년/2학년/3학년/제한없음,500000원 (1인당 지급액)
148,오산교육재단,희망인재 장학금,지자체,장학금,지역연고,1학년/2학년/3학년/제한없음,500000원(1인당 금액)
149,오산교육재단,창의인재특기 장학금,지자체,장학금,특기자,1학년/2학년/3학년/제한없음,500000원(1인당 금액)
150,오산교육재단,근로자자녀 장학금,지자체,장학금,지역연고,1학년/2학년/3학년/제한없음,500000원
151,오산교육재단,다자녀가정자녀 장학금,지자체,장학금,지역연고,1학년/2학년/3학년/제한없음,500000원(1인당 금액)
152,오산교육재단,다문화가정자녀 장학금,지자체,장학금,지역연고,1학년/2학년/3학년/제한없음,500000원(1인당 금액)
153,재단법인고성향토장학회,주민자녀장학생,지자체,장학금,지역연고,해당없음,500000원
154,재단법인고성향토장학회,과학 및 예체능 특별장학생,지자체,장학금,지역연고,1학년,1000000원 
155,(재)삼척향토장학재단,성적우수장학,지자체,장학금,지역연고,해당없음,500000원 
156,양록장학회,특별장학(저소득주민자녀),지자체,장학금,지역연고,해당없음,500000원
157,(재)진천군장학회,성적우수장학생,지자체,장학금,지역연고,1학년/2학년/3학년/제한없음,500000원 (생활비성)
158,재단법인 충북인재양성재단,성적장학금,지자체,장학금,지역연고,해당없음,900000원
159,재단법인보은군민장학회,복지장학생,지자체,장학금,지역연고,해당없음,400000원
160,재단법인보은군민장학회,예체능및입상장학금,지자체,장학금,특기자,1학년/2학년/3학년/제한없음,해당없음
161,영동군민장학회,성적우수장학금,지자체,장학금,지역연고,1학년/2학년/3학년/제한없음,500000원
162,영동군민장학회,우수졸업생장학금,지자체,장학금,지역연고,1학년/2학년/3학년/제한없음,500000원
163,영동군민장학회,희망장학금,지자체,장학금,지역연고,1학년/2학년/3학년/제한없음,500000원
164,영동군민장학회,특기생장학금,지자체,장학금,특기자,1학년/2학년/3학년/제한없음,인당 500000원(개인) 인당 150000원(단체)
165,재단법인 옥천군장학회,옥천인재장학생,지자체,장학금,지역연고,1학년/2학년/3학년,900000원
166,재단법인 옥천군장학회,희망장학생,지자체,장학금,지역연고,1학년/2학년/3학년,500000원
167,재단법인 옥천군장학회,점프장학생,지자체,장학금,지역연고,2학년/3학년,300000원
168,(재)음성군장학회,성적우수장학생,지자체,장학금,지역연고,1학년/2학년/3학년/제한없음,900000원
169,(재)음성군장학회,JUMP장학생,지자체,장학금,지역연고,2학년/3학년,200000원
170,(재)음성군장학회,특기장학생,지자체,장학금,특기자,1학년/2학년/3학년/제한없음,900000원
171,(재)음성군장학회,다문화장학생,지자체,장학금,기타,1학년/2학년/3학년/제한없음,900000원 (연 2회 분할지급)
172,(재)음성군장학회,희망(장애)장학생,지자체,장학금,장애인,1학년/2학년/3학년/제한없음,900000원 (연2회 분할지급)
173,(재)음성군장학회,꿈드림장학생,지자체,장학금,지역연고,1학년/2학년/3학년/제한없음,900000원 (학기별 2회 분할지급)
174,(재)음성군장학회,다자녀장학금,지자체,장학금,지역연고,1학년/2학년/3학년/제한없음,900000원 ( 연 2회 분할지급)
175,제천시인재육성재단,특별장학생,지자체,장학금,지역연고,1학년/2학년/3학년/제한없음,2000000원
176,제천시인재육성재단,우수장학생,지자체,장학금,지역연고,1학년,1등 : 20000002등 : 15000003등 : 1000000
177,제천시인재육성재단,꿈나무장학생,지자체,장학금,지역연고,1학년/2학년/3학년/제한없음,개인 : 1등 50만원 2등 30만원 3등 20만원 단체 : 1등 100만원 2등 70만원 3등 50만원
178,재단법인논산시장학회,글로벌인재특별장학생,지자체,장학금,지역연고,2학년,350000원 (생활비)
179,계룡시애향장학회,특기장학생,지자체,장학금,특기자,1학년/2학년/3학년/제한없음,500000원
180,공주시한마음장학회,장애인가정자녀 장학생,지자체,장학금,지역연고,1학년/2학년/3학년/제한없음, 800000원
181,공주시한마음장학회,이통장자녀장학생,지자체,장학금,지역연고,2학년/3학년, 1000000원
182,공주시한마음장학회,다문화가정자녀장학생,지자체,장학금,지역연고,1학년/2학년/3학년/제한없음, 800000원
183,공주시한마음장학회,희망복지장학생,지자체,장학금,지역연고,해당없음, 1800000원
184,공주시한마음장학회,성적우수장학생,지자체,장학금,지역연고,해당없음,1인당 1000000원 
185,만세보령장학회,학업우수장학금,지자체,장학금,지역연고,해당없음,500000원
186,만세보령장학회,저소득층장학금,지자체,장학금,지역연고,해당없음,500000원
187,만세보령장학회,기능우수자장학금,지자체,장학금,지역연고,해당없음,500000원
188,만세보령장학회,인재육성장학금,지자체,장학금,지역연고,해당없음,3000000원
189,서산인재육성재단,학업우수장학생,지자체,장학금,지역연고,1학년,1000000원
190,서산인재육성재단,복지장학생,지자체,장학금,지역연고,1학년,1000000원
191,서산인재육성재단,영재장학생,지자체,장학금,지역연고,1학년,1000000원
192,춘향장학재단,"우수(일반계,특성화)",지자체,장학금,지역연고,해당없음,5000000원 ~ 5000000원* 자세한 사항은 첨부파일 참고 
193,춘향장학재단,우수(특기생),지자체,장학금,특기자,해당없음,1000000원
194,춘향장학재단,보람(일반계),지자체,장학금,지역연고,해당없음,1000000원
195,춘향장학재단,희망장학,지자체,장학금,지역연고,해당없음,1000000원
196,익산사랑장학재단,일반장학생,지자체,장학금,지역연고,1학년/2학년/3학년/제한없음,700000원
197,익산사랑장학재단,특별장학생,지자체,장학금,지역연고,1학년/2학년/3학년/제한없음,700000원
198,익산사랑장학재단,다문화가정장학생,지자체,장학금,지역연고,1학년/2학년/3학년/제한없음,700000원
199,익산사랑장학재단,예체기능장학생,지자체,장학금,특기자,1학년/2학년/3학년/제한없음,1000000원
200,익산사랑장학재단,다자녀장학생,지자체,장학금,지역연고,1학년/2학년/3학년/제한없음,700000원
201,익산사랑장학재단,인성장학생,지자체,장학금,지역연고,1학년/2학년/3학년/제한없음,700000원
202,재단법인김제사랑장학재단,특별장학생(예체기능),지자체,장학금,지역연고,1학년,1000000원
203,재단법인김제사랑장학재단,일반장학금,지자체,장학금,지역연고,1학년/2학년/3학년,1000000원
204,재단법인김제사랑장학재단,이·통장자녀장학금,지자체,장학금,지역연고,1학년,1000000원
205,재단법인김제사랑장학재단,"특별장학금(저소득,다문화,공로)",지자체,장학금,지역연고,1학년,1000000원
206,재단법인 완주군인재육성재단,지역고교입학장학금,지자체,장학금,지역연고,1학년,최대 3000000원 ( 관내 고교 입학 시 100만원 지급 2~3학년 재학중 매년 100만원 지급) * 계속지급은 직전학년 내신성적 3등급 이내 유지자
207,재단법인 완주군인재육성재단,예체능장학금,지자체,장학금,특기자,1학년/2학년/3학년/제한없음,전국/국제대회 금은동 1000000원
208,장수군애향교육진흥재단,신입생장학금,지자체,장학금,지역연고,해당없음,500000원
209,장수군애향교육진흥재단,특기장학금,지자체,장학금,지역연고,해당없음,<단 체>1위 3000000원2위 2000000원3위 1000000원<개 인>1위 1000000원2위 700000원3위 500000원 * 자세한 사항은 첨부파일 참고
210,진안사랑장학재단,특별장학생,지자체,장학금,지역연고,1학년, * 관내 고등학교 신입생상위 1 ~ 5위: 1000000원상위 6 ~ 10위 : 500000원 * 특별장학생 미 배출학교 신입생 : 300000원
211,진안사랑장학재단,복지장학생,지자체,장학금,지역연고,1학년/2학년/3학년/제한없음,500000원
212,재단법인 전남인재평생교육진흥원,황경자장학금,지자체,장학금,지역연고,1학년/2학년/3학년/제한없음,500000원
213,재단법인 전남인재평생교육진흥원,녹색에너지장학금,지자체,장학금,지역연고,1학년/2학년/3학년/제한없음,500000원
214,재단법인 전남인재평생교육진흥원,율촌현대장학생,지자체,장학금,지역연고,1학년/2학년/3학년/제한없음,500000원
215,재단법인 전남인재평생교육진흥원,5.18민주유공자자녀장학,지자체,장학금,지역연고,해당없음,500000원
216,재단법인 전남인재평생교육진흥원,중소기업근로자자녀장학금,지자체,장학금,지역연고,1학년/2학년/3학년/제한없음,500000원
217,재단법인장성장학회,성적우수장학,지자체,장학금,지역연고,1학년/2학년/3학년/제한없음,700000원
218,재단법인장성장학회,예능특기,지자체,장학금,특기자,1학년/2학년/3학년/제한없음,700000원
219,재단법인장성장학회,복지,지자체,장학금,지역연고,1학년/2학년/3학년/제한없음,700000원
220,재단법인장성장학회,다자녀,지자체,장학금,지역연고,1학년/2학년/3학년/제한없음,700000원
221,재단법인 목포인재육성재단,희망장학생(저소득),지자체,장학금,지역연고,1학년/2학년/3학년/제한없음,500000원
222,(재)무안군승달장학회,성적우수장학금,지자체,장학금,지역연고,해당없음,500000원 
223,(재)무안군승달장학회,저소득장학금,지자체,장학금,지역연고,해당없음,500000원 
224,(재)무안군승달장학회,다자녀장학금,지자체,장학금,지역연고,해당없음,500000원 
225,(재)무안군승달장학회,명문고육성장학금,지자체,장학금,지역연고,해당없음,500000원 
226,(재)무안군승달장학회,체육꿈나무육성장학금,지자체,장학금,지역연고,해당없음,500000원 
227,(재)무안군승달장학회,예체능장학금,지자체,장학금,특기자,해당없음,500000원 
228,(재)여수시인재육성장학회,특기장학생,지자체,장학금,지역연고,해당없음,500000원
229,(재)여수시인재육성장학회,저소득장학생,지자체,장학금,지역연고,해당없음,500000원
230,(재)여수시인재육성장학회,농어촌자녀장학생,지자체,장학금,지역연고,해당없음,500000원
231,(재)여수시인재육성장학회,학업성적우수장학생,지자체,장학금,지역연고,2학년/3학년,500000원
232,재단법인 진도군인재육성장학회,입학 장학생,지자체,장학금,지역연고,해당없음,해당없음
233,재단법인 진도군인재육성장학회,학업성적 장학생,지자체,장학금,지역연고,해당없음,해당없음
234,재단법인 진도군인재육성장학회,보배사랑 장학생,지자체,장학금,지역연고,1학년/2학년/3학년/제한없음,해당없음
235,재단법인 영주시인재육성장학회,우수장학생,지자체,장학금,지역연고,해당없음,1000000원
236,재단법인 영주시인재육성장학회,특기장학생,지자체,장학금,지역연고,해당없음,1000000원
237,재단법인 영주시인재육성장학회,기회균등장학생,지자체,장학금,지역연고,해당없음,1000000원
238,재단법인 안동시장학회,성적우수장학생,지자체,장학금,지역연고,1학년/2학년/3학년/제한없음,800000원
239,재단법인 안동시장학회,진학장학생,지자체,장학금,지역연고,1학년,800000원
240,재단법인 안동시장학회,특별장학생,지자체,장학금,지역연고,2학년/3학년,800000원
241,재단법인 안동시장학회,효행장학생,지자체,장학금,지역연고,1학년/2학년/3학년/제한없음,500000원
242,재단법인 안동시장학회,특기장학생,지자체,장학금,특기자,1학년/2학년/3학년/제한없음,800000원
243,재단법인 안동시장학회,다자녀장학생,지자체,장학금,지역연고,2학년/3학년,800000원
244,재단법인 구미시장학재단,성적우수장학금,지자체,장학금,지역연고,해당없음,500000원
245,재단법인 구미시장학재단,특기장학금,지자체,장학금,지역연고,해당없음,1000000원
246,김천시인재양성재단,진학우수장학,지자체,장학금,지역연고,해당없음,2000000원
247,김천시인재양성재단,성적우수장학,지자체,장학금,지역연고,해당없음,1000000원
248,김천시인재양성재단,특기장학,지자체,장학금,지역연고,해당없음,1000000원
249,김천시인재양성재단,행복나눔장학,지자체,장학금,지역연고,해당없음,1000000원
250,재단법인영덕군교육발전위원회,고교기숙사장학,지자체,장학금,지역연고,해당없음,월 840000원
251,재단법인영덕군교육발전위원회,관내고교장학,지자체,장학금,지역연고,해당없음,500000~7000000원
252,창녕군인재육성장학재단,성적우수장학생,지자체,장학금,지역연고,2학년/3학년,1000000원
253,창녕군인재육성장학재단,관내고교진학생,지자체,장학금,지역연고,1학년,1000000원
254,창녕군인재육성장학재단,대회입상자,지자체,장학금,특기자,해당없음,1000000원
255,사단법인남해군향토장학회,꿈장학금(특기생),지자체,장학금,지역연고,해당없음,700000원~1500000원
256,사단법인산청군향토장학회,입학장학금,지자체,장학금,성적우수,1학년,1000000원
257,사단법인산청군향토장학회,예체능장학금 ,지자체,장학금,특기자,1학년/2학년/3학년/제한없음,500.000원
258,재단법인 함안군장학재단,진학장학금,지자체,장학금,지역연고,1학년, * 관내 고등학교 진학자 중 성적우수자상위 2%이내 : 1000000원2% 초과 ~ 5% : 500000원 * 다문화가정 난민 및 북한이탈주민 출신 : 300000원
259,재단법인 함안군장학재단,우수장학금,지자체,장학금,지역연고,2학년/3학년,700000원
260,재단법인 함안군장학재단,자립장학금,지자체,장학금,지역연고,2학년/3학년,고 23학년 : 700000원
261,사단법인합천군교육발전위원회,예체능특기자장학금,지자체,장학금,지역연고,해당없음,1000000원
262,사단법인합천군교육발전위원회,희망장학금,지자체,장학금,지역연고,해당없음,500000원
263,사단법인합천군교육발전위원회,관내고교진학장학금,지자체,장학금,지역연고,해당없음,1000000원 (3년간 연 지급 상하반기 2회 분할 지급)
264,사단법인합천군교육발전위원회,성적우수자장학금,지자체,장학금,지역연고,해당없음, * 고등학생성적우수자1000000원 (1회) * 수능성적우수자1000000원 ~ 7000000원 (1회)
265,서울장학재단,오토꿈이룸서울장학금,지자체,장학금,기타,3학년,연간 2000000원 ( 학업장려금 성격)
266,서울장학재단,서울희망 고교진로 장학금,지자체,장학금,지역연고,1학년/2학년/3학년/제한없음,1500000원 (750000원 * 2회)
267,서울장학재단,서울희망예체능장학금,지자체,장학금,특기자,1학년/2학년/3학년/제한없음,연간 3000000원 ( * 1500000원/학기)
268,서울장학재단,서울희망 SOS 장학금,지자체,장학금,지역연고,1학년/2학년/3학년/제한없음,1000000원 (일회성)
269,재단법인 성혜장학회,학업우수장학생,민간(기타),장학금,성적우수,해당없음,생활비 지원 
270,재단법인 성혜장학회,사랑복지장학생,민간(기타),장학금,소득구분,해당없음,생활비 지원
271,재단법인 신안군장학재단,내고장학교장학금,지자체,장학금,지역연고,해당없음,700000원
272,재단법인 신안군장학재단,일반(저소득)장학금,지자체,장학금,지역연고,해당없음,700000원
273,재단법인 신안군장학재단,다문화가정장학금,지자체,장학금,지역연고,해당없음,700000원
274,재단법인 신안군장학재단,위기가정지원금,지자체,장학금,지역연고,해당없음,예산범위 내 탄력 운영
275,(재)제주평생교육장학진흥원,재능장학금,지자체,장학금,지역연고,해당없음,1000000원
276,울산광역시 남구장학재단,성적우수장학생,지자체,장학금,지역연고,해당없음,1500000원
277,울산광역시 남구장학재단,희망장학생,지자체,장학금,지역연고,해당없음,1500000원
278,강북구청,복지장학생,지자체,장학금,지역연고,1학년/2학년/3학년/제한없음,1000000원
279,강북구청,우등장학생,지자체,장학금,지역연고,1학년/2학년/3학년/제한없음,1000000원 ( * 연 2회 분할지급)
280,강북구청,유공장학생,지자체,장학금,지역연고,1학년/2학년/3학년/제한없음,1000000원 ( * 연 2회 분할지급)
281,강북구청,강북희망장학생,지자체,장학금,지역연고,1학년/2학년/3학년/제한없음,1000000원 ( * 연 2회 분할지급)
282,(재)논공효천장학회,예체능특기자장학생,민간(기타),장학금,지역연고,해당없음,해당없음
283,삼성꿈장학재단,분야별우수장학(과학·예술·체육),민간(기업),장학금,특기자,1학년/2학년/3학년/제한없음,[과학 우수] : 연간 3600000원[예술 우수] : 한국예술영재교육원 학생 중 법정 저소득층 차상위계층일 경우 연간 3600000원 / 예술고등학교 학생 3600000원[ 체육 우수] : 연간 3600000원
284,(재)고속도로장학재단,고속도로장학생,민간(기타),장학금,기타,해당없음,기초·차상위 : 3000000원일반 : 2000000원
285,재단법인 신한장학재단,신규장학생,민간(기업),장학금,소득구분,3학년,등록금 전액
286,경기도민회장학회,"성적,소득장학생",지자체,장학금,지역연고,1학년/2학년/3학년/제한없음,해당없음
287,장보고장학회(완도군청),성적우수자,지자체,장학금,지역연고,1학년/2학년/3학년/제한없음,700000원
288,장보고장학회(완도군청),저소득자녀,지자체,장학금,지역연고,1학년/2학년/3학년/제한없음,700000원
289,장보고장학회(완도군청),다자녀장학,지자체,장학금,지역연고,1학년,700000원
290,사단법인 서천사랑장학회,열정장학생,지자체,장학금,지역연고,1학년/2학년/3학년/제한없음,해당자격 별로 장학금액 상이 (1000000 ~ 3000000원)
291,사단법인 서천사랑장학회,드림장학생,지자체,장학금,지역연고,1학년/2학년/3학년/제한없음,1000000원
292,사단법인 서천사랑장학회,특별장학생,지자체,장학금,지역연고,1학년/2학년/3학년/제한없음,1000000원근로자자녀: 500000원
293,사단법인 서천사랑장학회,특기장학생,지자체,장학금,지역연고,1학년/2학년/3학년/제한없음,개인 : 500000원 ~ 1000000원단체 : 1000000원 ~ 2000000원 * 입상실적에 따른 차등 지급 자세한 사항은 첨부파일 참조
294,태안군사랑장학회,우수장학금,지자체,장학금,지역연고,1학년/2학년/3학년,1500000원
295,태안군사랑장학회,특기장학금,지자체,장학금,특기자,1학년/2학년/3학년/제한없음,1000000원 ~ 3000000원 ( * 전국 1위 3백만원 전국 2위 2백만원 전국 3위 1백만원 도 1위 1백만원)
296,태안군사랑장학회,복지장학금,지자체,장학금,지역연고,1학년/2학년/3학년/제한없음,1500000원
297,백운장학회(광양),특기장학생,지자체,장학금,특기자,1학년/2학년/3학년/제한없음,1500000원
298,하동군장학재단(하동군청),자립장학금,지자체,장학금,지역연고,1학년/2학년/3학년/제한없음,300000원
299,하동군장학재단(하동군청),학업성적우수장학생,지자체,장학금,지역연고,1학년/2학년,500000원
300,하동군장학재단(하동군청),특별장학생,지자체,장학금,지역연고,1학년/2학년,1000000원~2000000원
301,하동군장학재단(하동군청),다자녀가구장학생,지자체,장학금,지역연고,1학년/2학년/3학년/제한없음,3자녀 : 5000004자녀 : 8000005자녀 이상 : 1000000
302,사천시인재육성장학재단,관내고교입학생,지자체,장학금,지역연고,1학년,300000원 ~ 3000000원
303,영천시장학회,지산조호익장학금,지자체,장학금,지역연고,해당없음,500000원
304,영천시장학회,특기적성우수장학금,지자체,장학금,지역연고,해당없음,1000000원
305,영천시장학회,해외어학연수장학금,지자체,장학금,지역연고,해당없음,소요경비의 50% 지원
306,영천시장학회,국제대회참가지원장학금,지자체,장학금,지역연고,해당없음,참가경비 중 자부담금의 50% 지원
307,영천시장학회,희망드림장학금,지자체,장학금,지역연고,해당없음,1000000원
308,영천시장학회,다자녀세대장학금,지자체,장학금,지역연고,해당없음,3자녀: 500000원4자녀: 700000원5자녀 이상: 1000000원
309,군포사랑장학회,성적최우수,지자체,장학금,지역연고,1학년/2학년/3학년/제한없음,1000000원
310,군포사랑장학회,성적우수,지자체,장학금,지역연고,2학년/3학년,800000원
311,군포사랑장학회,자립지원,지자체,장학금,지역연고,2학년/3학년,800000원
312,군포사랑장학회,면학장려,지자체,장학금,지역연고,2학년/3학년,800000원
313,군포사랑장학회,특기장학,지자체,장학금,특기자,2학년/3학년,800000원
314,시흥시인재양성재단,미래장학생,지자체,장학금,지역연고,1학년,1000000원
315,시흥시인재양성재단,시흥산업단지장학생,지자체,장학금,지역연고,1학년,1000000원
316,시흥시인재양성재단,다자녀장학생,지자체,장학금,지역연고,1학년,1000000원
317,시흥시인재양성재단,우수인재장학생,지자체,장학금,지역연고,2학년/3학년,1000000원
318,경산시장학회,우수장학금,지자체,장학금,지역연고,2학년/3학년,1000000원
319,경산시장학회,자립장학금,지자체,장학금,지역연고,1학년/2학년/3학년/제한없음,500000원
320,경산시장학회,근로자녀장학금,지자체,장학금,지역연고,1학년/2학년/3학년/제한없음,500000원
321,경산시장학회,특기장학금,지자체,장학금,특기자,1학년/2학년/3학년/제한없음,500000원 
322,경산시장학회,검정고시장학금,지자체,장학금,지역연고,1학년/2학년/3학년/제한없음,500000원 
323,경산시장학회,선행장학금,지자체,장학금,지역연고,1학년/2학년/3학년/제한없음,500000원 
324,한국광산장학회,특기장학생,지자체,장학금,특기자,1학년/2학년/3학년/제한없음,500000원 * 생활비지원장학금으로 타 장학금 중복여부와 상관없이 신청가능
325,양주시 희망장학재단,성적우수장학,지자체,장학금,지역연고,1학년/2학년/3학년/제한없음,500000원
326,양주시 희망장학재단,면학장려,지자체,장학금,지역연고,1학년/2학년/3학년/제한없음,500000원
327,양주시 희망장학재단,특기,지자체,장학금,지역연고,1학년/2학년/3학년/제한없음,500000원
328,홍성사랑장학회,성적우수장학생,지자체,장학금,지역연고,1학년/2학년/3학년/제한없음,1000000원
329,홍성사랑장학회,특기장학생,지자체,장학금,지역연고,1학년/2학년/3학년/제한없음,1000000원
330,홍성사랑장학회,복지장학생,지자체,장학금,지역연고,1학년/2학년/3학년/제한없음,1000000원
331,재단법인 화원장학회,예체능특기자장학생,지자체,장학금,특기자,해당없음,500000원
332,재단법인광주시민장학회,복지장학생,지자체,장학금,지역연고,해당없음,1000000원
333,재단법인광주시민장학회,예체능장학생,지자체,장학금,지역연고,1학년/2학년/3학년/제한없음,1000000원
334,재단법인광주시민장학회,다문화장학생,지자체,장학금,지역연고,1학년/2학년/3학년/제한없음,1000000원
335,KT&G장학재단,상상장학생,민간(기업),장학금,소득구분,1학년,2000000원 ※ 학습 관련 장학금으로 개인별 학습도구세트(태블릿PC 등)지원 * 멘토 명의 계좌로 지급 자세한 사항은 첨부파일 및 홈페이지 참조
336,국민연금공단,희망잇는장학금,관계부처,장학금,기타,해당없음,100만원 
337,재단법인 안성시민장학회,우수장학금,지자체,장학금,지역연고,1학년/2학년/3학년,1000000원
338,재단법인 안성시민장학회,발전장학금,지자체,장학금,지역연고,1학년/2학년/3학년/제한없음,1000000원
339,재단법인 안성시민장학회,특기장학금,지자체,장학금,지역연고,1학년/2학년/3학년/제한없음,1000000원
340,재단법인 안성시민장학회,다자녀장학금,지자체,장학금,지역연고,1학년/2학년/3학년,1000000원
341,전라북도평생교육장학진흥원,희망장학생,지자체,장학금,지역연고,1학년/2학년/3학년/제한없음,500000원
342,삼척시도계장학재단,장학생,지자체,장학금,기타,1학년/2학년/3학년/제한없음,500000원
343,재단법인 서동이장학회,학업우수장학생,지자체,장학금,지역연고,1학년/2학년/3학년/제한없음,1000000원
344,재단법인 서동이장학회,복지장학생,지자체,장학금,지역연고,1학년/2학년/3학년/제한없음,1000000원
345,재단법인 서동이장학회,예·체·기능 특기장학생(서동이 유망주),지자체,장학금,특기자,1학년/2학년/3학년/제한없음,1000000원 * 서동이 유망주 : 5000000원 이내
346,재단법인 서동이장학회,글로벌/과학 인재장학생,지자체,장학금,특기자,1학년/2학년/3학년/제한없음,1000000원
347,재단법인 포천시교육재단,향토인재(고등학교 신입생),지자체,장학금,지역연고,1학년,1000000원 
348,(재)용복장학회,희망장학금,민간(기타),장학금,소득구분,1학년/2학년/3학년/제한없음,500000원
349,사단법인울릉군교육발전위원회,진학장학금,지자체,장학금,지역연고,1학년,1000000원 ~ 2000000원 * 자세한 사항은 첨부파일 참조
350,사단법인울릉군교육발전위원회,특기장학금,지자체,장학금,특기자,1학년/2학년/3학년/제한없음,1위 : 1000000원2위 : 700000원3위 : 500000원
351,사단법인울릉군교육발전위원회,미국교환학생입학지원금,지자체,장학금,지역연고,1학년/2학년/3학년/제한없음,5000000원
352,(재)인천인재평생교육진흥원,희망드림장학금,지자체,장학금,지역연고,1학년,1000000원 * 생활비성 장학금 (이중수혜 가능)
353,(재)인천인재평생교육진흥원,공익인재장학금,지자체,장학금,지역연고,1학년/2학년/3학년/제한없음,1000000원 * 생활비성 장학금
354,(재)인천인재평생교육진흥원,SK행복장학금,지자체,장학금,지역연고,1학년/2학년/3학년/제한없음,1000000원 * 생활비성 (이중수혜 가능)
355,(재)인천인재평생교육진흥원,응원장학금,지자체,장학금,지역연고,1학년/2학년/3학년/제한없음,1000000원 ※ 생활비성 장학금 이중수혜 가능
356,(재)인천인재평생교육진흥원,인천대교희망장학생,지자체,장학금,지역연고,1학년/2학년/3학년/제한없음,1인당 1000000원 * 생활비성 (이중수혜 가능)
357,(재)인천인재평생교육진흥원,동암신협 어부바 장학금,지자체,장학금,지역연고,해당없음,1000000원 * 생활비성 (이중수혜 가능)
358,사단법인 광주광역시 동구 인재육성장학회,성적우수 장학생,지자체,장학금,지역연고,1학년/2학년/3학년/제한없음,500000원
359,사단법인 광주광역시 동구 인재육성장학회,저소득 장학생,지자체,장학금,지역연고,1학년/2학년/3학년/제한없음,500000원
360,사단법인 광주광역시 동구 인재육성장학회,봉사·선행·효행 장학생,지자체,장학금,지역연고,3학년,500000원
361,사단법인 광주광역시 동구 인재육성장학회,다자녀 가구,지자체,장학금,지역연고,1학년/2학년/3학년/제한없음,500000원
362,사단법인 광주광역시 동구 인재육성장학회,다문화가정,지자체,장학금,지역연고,1학년/2학년/3학년/제한없음,500000원
363,(재)보성군장학재단,성적우수장학생,지자체,장학금,지역연고,1학년,500000원
364,(재)보성군장학재단,보금자리장학생,지자체,장학금,지역연고,1학년/2학년/3학년/제한없음,500000원
365,(재)보성군장학재단,미래인재장학생,지자체,장학금,지역연고,1학년/2학년/3학년,1000000원 * 학업장려금
366,(재)보성군장학재단,한울타리장학생,지자체,장학금,지역연고,해당없음,500000원
367,(재)보성군장학재단,희망드림장학생,지자체,장학금,성적우수,해당없음,2000000원 (4년간 매년 지급) * 학업장려금
368,재단법인 선암장학재단,고등학생장학금,민간(기타),장학금,기타,1학년/2학년/3학년/제한없음,1000000원 (학기당 500000원)
369,재단법인 세종특별자치시인재육성평생교육진흥원,우수인재장학생,지자체,장학금,지역연고,1학년/2학년/3학년/제한없음,700000원
370,재단법인 세종특별자치시인재육성평생교육진흥원,모범장학생,지자체,장학금,지역연고,1학년/2학년/3학년/제한없음,900000원
371,재단법인 세종특별자치시인재육성평생교육진흥원,특기적성장학생,지자체,장학금,특기자,1학년/2학년/3학년/제한없음,1000000원
372,재단법인 세종특별자치시인재육성평생교육진흥원,장애인 면학 장학생,지자체,장학금,장애인,해당없음,900000원
373,재단법인 세종특별자치시인재육성평생교육진흥원,공익발전기여장학생,지자체,장학금,지역연고,해당없음,900000원
374,재단법인 사북장학회,장학생,지자체,장학금,지역연고,1학년/2학년/3학년/제한없음,600000원(상반기 하반기 분할 지급)
375,(재)송파구 인재육성 장학재단,일반장학생,지자체,장학금,지역연고,1학년/2학년/3학년/제한없음,1000000원
376,(재)송파구 인재육성 장학재단,성적우수장학생,지자체,장학금,지역연고,1학년/2학년/3학년/제한없음,1000000원
377,(재)송파구 인재육성 장학재단,특기장학생,지자체,장학금,특기자,1학년/2학년/3학년/제한없음,1000000원
378,대관령꿈나무장학회,일반장학생,지자체,장학금,특기자,1학년/2학년/3학년/제한없음,500000원
379,대관령꿈나무장학회,향토장학생,지자체,장학금,지역연고,1학년/2학년/3학년/제한없음,500000원
380,임실군애향장학회,고등학교장학금,지자체,장학금,지역연고,1학년/2학년/3학년/제한없음,1000000원 
381,중원장학회,중원장학생,지자체,장학금,지역연고,해당없음,500000원
382,중원장학회,효도장학생,지자체,장학금,지역연고,해당없음,200000원
383,중원장학회,장애장학생,지자체,장학금,지역연고,해당없음,200000원
384,중원장학회,예/체능장학생,지자체,장학금,지역연고,해당없음,1500000원
385,예천군민장학회,특기장학생,지자체,장학금,특기자,1학년/2학년/3학년,500.000원
386,안양시 인재육성재단,희망장학생,지자체,장학금,지역연고,1학년/2학년/3학년/제한없음,1500000원
387,안양시 인재육성재단,성취장학생,지자체,장학금,지역연고,해당없음,800000원
388,안양시 인재육성재단,재능장학생,지자체,장학금,특기자,1학년/2학년/3학년/제한없음,500000원~4000000원 이내
389,안양시 인재육성재단,오뚜기장학생,지자체,장학금,지역연고,1학년/2학년/3학년/제한없음,1000000원
390,달서인재육성장학재단,(희망)저소득주민자녀,지자체,장학금,지역연고,1학년/2학년/3학년/제한없음,800000 * 타 장학금 또는 학비감면 상관없이 지급기준금액 80만원 지급
391,재단법인 광주북구 장학회,성적우수장학생,지자체,장학금,지역연고,1학년/2학년/3학년/제한없음,500000원
392,재단법인 광주북구 장학회,저소득장학생,지자체,장학금,지역연고,1학년/2학년/3학년/제한없음,500000원
393,재단법인 광주북구 장학회,특기장학생,지자체,장학금,지역연고,1학년/2학년/3학년/제한없음,500000원
394,의왕시인재육성재단,성적우수장학생,지자체,장학금,지역연고,1학년/2학년/3학년/제한없음,1000000원
395,의왕시인재육성재단,복지장학생,지자체,장학금,지역연고,1학년/2학년/3학년/제한없음,1000000원
396,의왕시인재육성재단,특기장학생,지자체,장학금,특기자,해당없음,1000000원
397,의왕시인재육성재단,효행(선행)장학생,지자체,장학금,지역연고,1학년/2학년/3학년/제한없음,1000000원
398,광주남구장학회,행복나눔 장학생,지자체,장학금,지역연고,1학년/2학년/3학년,500000원
399,우리다문화장학재단,학업장학,민간(기업),장학금,소득구분,1학년/2학년/3학년/제한없음,2000000원 * 2회 분할지급
400,재단법인 금산교육사랑장학재단,우수장학금,지자체,장학금,지역연고,해당없음,1000000원
401,재단법인 금산교육사랑장학재단,희망장학금,지자체,장학금,지역연고,해당없음,1000000원
402,재단법인 무주군교육발전장학재단,고등진학장학생,지자체,장학금,지역연고,해당없음,200000원 
403,재단법인 무주군교육발전장학재단,특기장학생,지자체,장학금,지역연고,해당없음,600000원 
404,재단법인 증평군민장학회,입학성적우수,지자체,장학금,지역연고,해당없음,인문고 : 점수대별 1000000원 ~ 5000000원특성화고 : 입학성적 1등1000000원 / 2등500000원
405,재단법인순창군옥천장학회,일반장학금,지자체,장학금,지역연고,1학년/2학년/3학년/제한없음,500000원
406,재단법인순창군옥천장학회,특별장학금,지자체,장학금,특기자,1학년/2학년/3학년/제한없음,개인 : 500000원단체 : 1000000원
407,횡성인재육성장학회,이장자녀장학금,지자체,장학금,지역연고,1학년/2학년/3학년/제한없음,1000000원
408,횡성인재육성장학회,민족사관고 장학생,지자체,장학금,지역연고,1학년/2학년/3학년/제한없음,1000000원
409,횡성인재육성장학회,현천고 장학생,지자체,장학금,지역연고,1학년/2학년/3학년/제한없음,500000원
410,횡성인재육성장학회,열정키움장학생,지자체,장학금,지역연고,1학년/2학년/3학년/제한없음,1000000원
411,전주인재육성재단,지역우수인재장학,지자체,장학금,특기자,해당없음,500000원
412,전주인재육성재단,청소년자립지원장학,지자체,장학금,지역연고,해당없음,500000원
413,재단법인 수영구장학재단,성적우수 장학금,지자체,장학금,지역연고,1학년/2학년/3학년/제한없음,1000000원
414,재단법인 수영구장학재단,희망 장학금,지자체,장학금,지역연고,1학년/2학년/3학년/제한없음,1000000원
415,재단법인 수영구장학재단,재능 장학금,지자체,장학금,특기자,1학년/2학년/3학년/제한없음,1000000원
416,재단법인 수영구장학재단,기타 장학금,지자체,장학금,지역연고,1학년/2학년/3학년/제한없음,1000000원
417,문경시장학회,성적우수장학생,지자체,장학금,지역연고,1학년/2학년/3학년/제한없음,1000000원
418,문경시장학회,특기장학생,지자체,장학금,지역연고,1학년/2학년/3학년/제한없음,1000000원
419,문경시장학회,희망장학생,지자체,장학금,지역연고,1학년/2학년/3학년/제한없음,1000000원
420,문경시장학회,국군체육부대자녀장학생,지자체,장학금,지역연고,1학년/2학년/3학년/제한없음,1000000원
421,문경시장학회,다자녀생활장학생,지자체,장학금,지역연고,1학년/2학년/3학년/제한없음,1000000원
422,홍천군무궁화장학회,우수학생장학생,지자체,장학금,지역연고,1학년/2학년/3학년/제한없음,1000000원
423,홍천군무궁화장학회,예체능특기장학생,지자체,장학금,특기자,해당없음,1000000원
424,삼성면장학회,성적우수장학,지자체,장학금,지역연고,1학년/2학년/3학년/제한없음,1000000원
425,울진군장학재단,울진사랑다자녀장학금,지자체,장학금,지역연고,1학년/2학년/3학년/제한없음,해당없음
426,울진군장학재단,특기장학금(관외),지자체,장학금,지역연고,1학년/2학년/3학년/제한없음,개인 및 단체전에 따라 상이함자세한 사항 첨부파일 참조
427,강진군민장학재단,성적우수장학생,지자체,장학금,지역연고,1학년/2학년/3학년/제한없음,500000원 
428,강진군민장학재단,특기장학생,지자체,장학금,특기자,1학년/2학년/3학년/제한없음,700000원
429,강진군민장학재단,복지장학생,지자체,장학금,지역연고,1학년/2학년/3학년/제한없음,500000원
430,강진군민장학재단,다문화장학생,지자체,장학금,지역연고,1학년/2학년/3학년/제한없음,500000원 
431,강진군민장학재단,한부모/가정위탁장학생,지자체,장학금,지역연고,1학년/2학년/3학년/제한없음,500000원 
432,강진군민장학재단,다자녀장학생,지자체,장학금,지역연고,1학년/2학년/3학년/제한없음,500000원
433,강진군민장학재단,귀농인자녀장학생,지자체,장학금,지역연고,1학년/2학년/3학년/제한없음,500000원
434,꿈나무가꾸기명정장학재단,장학생,민간(기타),장학금,기타,1학년/2학년/3학년/제한없음,각 50만원
435,재단법인구례장학회,인재육성장학생,지자체,장학금,지역연고,해당없음,1000000원
436,한국선원복지고용센터,선원가족장학생,민간(기타),장학금,소득구분,1학년/2학년/3학년/제한없음,1200000원
437,재단법인 형남진장학재단,일반계,민간(기타),장학금,지역연고,해당없음,1500000원
438,(재)정인욱학술장학재단,성적장학금,지자체,장학금,성적우수,1학년/2학년/3학년/제한없음,고등학생 : 1인당 50만원
439,수성미래교육재단,수성인재장학생(모범),지자체,장학금,지역연고,1학년,1000000원
440,대전광역시 동구차세대인재육성장학재단,초지장학생(저소득),지자체,장학금,지역연고,1학년/2학년/3학년/제한없음,1000000원
441,재단법인 안산인재육성재단,학교밖청소년장학생,지자체,장학금,지역연고,1학년/2학년/3학년/제한없음,1000000원 검정고시 학원비 및 교재비진로 선택을 위한 자격증 취득 및 직업훈련 수강료 및 교재비
442,재단법인 안산인재육성재단,문화예술체육장학생,지자체,장학금,지역연고,해당없음,1인(팀)당 1000000원 
443,용인시장학재단,우수장학금,지자체,장학금,지역연고,해당없음,500000원
444,용인시장학재단,기능장학금,지자체,장학금,지역연고,해당없음,500000원
445,용인시장학재단,효행장학금,지자체,장학금,지역연고,해당없음,500000원
446,용인시장학재단,다자녀장학금,지자체,장학금,지역연고,1학년/2학년/3학년/제한없음,500000원
447,용인시장학재단,무지개장학금,지자체,장학금,지역연고,1학년/2학년/3학년/제한없음,500000원
448,용인시장학재단,곰두리장학금,지자체,장학금,지역연고,1학년/2학년/3학년/제한없음,500000원
449,(사)의령군장학회,기초생활수급자자녀장학금,지자체,장학금,지역연고,1학년/2학년/3학년/제한없음,1000000원
450,(사)의령군장학회,성적우수자 관내고교장학금,지자체,장학금,지역연고,1학년/2학년/3학년/제한없음,1000000원
451,(사)의령군장학회,성적우수장학금,지자체,장학금,지역연고,1학년/2학년/3학년/제한없음,1000000원
452,(사)의령군장학회,전공관련 자격증 취득 장학생,지자체,장학금,지역연고,1학년/2학년/3학년/제한없음,국가자격증 3개 : 1000000원국가자격증 2개 : 500000원
453,(사)의령군장학회,특기자장학금,지자체,장학금,지역연고,1학년/2학년/3학년/제한없음,1000000원
454,토성장학회,성적우수장학금,지자체,장학금,지역연고,1학년/2학년/3학년/제한없음,800000원
455,토성장학회,특기장학생,지자체,장학금,특기자,1학년/2학년/3학년/제한없음,800000원
456,노원교육복지재단,장학금,지자체,장학금,지역연고,1학년/2학년/3학년/제한없음,1000000원
457,재단법인민들레장학회,비전 장학금,민간(기타),장학금,소득구분,1학년/2학년/3학년/제한없음,해당없음
458,한국수력원자력(주),새울원자력본부 장학생,관계부처,장학금,지역연고,1학년/2학년/3학년/제한없음,500000원
459,한국수력원자력(주),양양양수발전소주변지역장학금(주민자녀),관계부처,장학금,지역연고,1학년/2학년/3학년/제한없음,500000원
460,남북하나재단,북한이탈주민장학,민간(기타),장학금,기타,해당없음,1000000원
461,가천문화재단,심청효행상,민간(기타),장학금,기타,1학년/2학년/3학년/제한없음,대상 : 10000000원본상 : 5000000원특별상 : 3000000원 * 부상 및 특전 포함 * 자세한 사항은 첨부파일 참고
462,(재)거제시희망복지재단,일반장학생,지자체,장학금,지역연고,해당없음,1인 500000원 이내 
463,송정장학회,장학생,지자체,장학금,지역연고,해당없음,1000000원
464,왕십리2동장학회,장학생,지자체,장학금,지역연고,1학년/2학년/3학년/제한없음,해당없음
465,광양시새마을회,광양시새마을지도자자녀(우등),지자체,장학금,지역연고,1학년/2학년/3학년/제한없음,등록금 범위 내 지원 
466,두드림,행복IT장학생,민간(기타),장학금,기타,1학년/2학년/3학년/제한없음,150만원상/하반기 분할지원 (3얼 8월)
467,검단장학재단,장학생,지자체,장학금,지역연고,1학년/2학년/3학년/제한없음,등록금 내 
468,에코랜드,성적우수장학생,민간(기타),장학금,지역연고,1학년/2학년/3학년,최대 1000000원
469,에코랜드,복지장학생,민간(기타),장학금,지역연고,1학년/2학년/3학년/제한없음,최대 1000000원
470,에코랜드,예·체능 특기장학생,민간(기타),장학금,지역연고,1학년/2학년/3학년/제한없음,최대 1000000원
471,부산사상구장학회,모범장학생,지자체,장학금,성적우수,1학년/2학년/3학년/제한없음,1500000원 ~ 3000000원
472,이주배경청소년지원재단무지개청소년센터,애경산업 이주배경청소년 장학생,민간(기타),장학금,기타,1학년/2학년/3학년/제한없음,2255000원 (205000원X11개월 지원기간 : 2022.6. ~ 2023. 4.) 고등학교 등록금 학원비 교재·교구 구입비 그 외 교육비
473,재단법인 광남새마을금고 장학회,복지장학생,민간(기업),장학금,지역연고,1학년/2학년/3학년/제한없음,700000원
474,하나금융나눔재단,하나장학생,민간(기업),장학금,소득구분,1학년/2학년/3학년/제한없음,500000원
475,재단법인청송군인재육성장학회,일반성적우수장학생,지자체,장학금,지역연고,2학년/3학년,1000000원
476,재단법인청송군인재육성장학회,특기장학생,지자체,장학금,지역연고,1학년/2학년/3학년,국가대표 선발: 3000000원전국 1위: 1000000원전국 2위: 750000원전국 3위 및 도단위 1위:500000원 * 생활비 지원 목적
477,재단법인청송군인재육성장학회,고등학교입학우수장학생,지자체,장학금,지역연고,해당없음,특별장학 2000000원일반장학 1000000원
478,재단법인청송군인재육성장학회,청송인재양성원입학우수장학생,지자체,장학금,지역연고,해당없음,1위 : 1000000 2위 : 700000 3위 : 500000
479,재단법인청송군인재육성장학회,저소득층자녀장학생,지자체,장학금,지역연고,해당없음,1000000원
480,재단법인청송군인재육성장학회,다자녀가정특별장학생,지자체,장학금,지역연고,해당없음,1000000원
481,재단법인청송군인재육성장학회,특별장학생,지자체,장학금,지역연고,해당없음,1000000원
482,재단법인청송군인재육성장학회,지역고등학교살리기장학생,지자체,장학금,지역연고,해당없음,2000000원
483,재단법인 평택시 장학재단,특기장학생,지자체,장학금,특기자,1학년/2학년/3학년/제한없음,1000000원
484,(재) 창원시장학회,고등학교 장학금,지자체,장학금,지역연고,해당없음,500000원
485,대사습기능후원회,장학생,민간(기타),장학금,특기자,1학년/2학년/3학년/제한없음,각 700000원 
486,재단법인 파주시행복장학회,희망장학생,지자체,장학금,지역연고,해당없음,1000000원
487,재단법인청양사랑인재육성장학회,내고장학교보내기장학,지자체,장학금,지역연고,해당없음,1000000 ~ 3000000원 * 자세한 사항은 첨부파일 참조
488,재단법인청양사랑인재육성장학회,성적우수(군내),지자체,장학금,지역연고,해당없음,400000원
489,재단법인청양사랑인재육성장학회,성적우수(군외),지자체,장학금,지역연고,해당없음,400000원
490,재단법인청양사랑인재육성장학회,예체능장학,지자체,장학금,특기자,1학년/2학년/3학년/제한없음,400000원
491,한국산림복지진흥원,녹색 학업장학,관계부처,장학금,성적우수,1학년/2학년/3학년/제한없음,도서상품권 30만원/인
492,사단법인봉화군교육발전위원회,성적우수장학생,지자체,장학금,지역연고,1학년/2학년/3학년/제한없음,1000000원
493,사단법인봉화군교육발전위원회,희망장학생,지자체,장학금,지역연고,1학년/2학년/3학년/제한없음,1000000원
494,사단법인봉화군교육발전위원회,특기장학생,지자체,장학금,특기자,1학년/2학년/3학년/제한없음,개인 : 1500000원 이내단체(팀) : 2500000원 이내 * 대회 규모 및 수상성적에 따른 차등지급으로 자세한 사항은 첨부파일 참조
495,재단법인 마포인재육성장학재단,마포장학생,지자체,장학금,지역연고,1학년/2학년/3학년/제한없음,1500000원
496,재단법인 마포인재육성장학재단,인재육성장학생,지자체,장학금,지역연고,1학년/2학년/3학년/제한없음,2000000원
497,재단법인 마포인재육성장학재단,성적우수장학생,지자체,장학금,지역연고,1학년/2학년/3학년/제한없음,1500000원
498,재단법인 마포인재육성장학재단,특기장학생,지자체,장학금,특기자,해당없음,2000000원
499,재단법인 의성군인재육성재단,재학성적우수 장학금,지자체,장학금,지역연고,1학년/2학년/3학년/제한없음,1인당 1000000원
500,재단법인 대구광역시인재육성장학재단,대구교육인재육성장학금(창의융합적사고),지자체,장학금,지역연고,1학년/2학년,매년 재심사를 거쳐 고등학교 졸업시까지 지속 지원
501,재단법인 대구광역시인재육성장학재단,대구교육인재육성장학금(공동체),지자체,장학금,지역연고,1학년/2학년,4000000원매년 재심사를 거쳐 고등학교 졸업시까지 지속 지원
502,재단법인 대구광역시인재육성장학재단,카펙발레오 장학금,지자체,장학금,지역연고,해당없음,500000원
503,재단법인 울산연구원,생활장학금,지자체,장학금,지역연고,해당없음,1000000원
504,재단법인 부산광역시 남구장학회,장학생,지자체,장학금,지역연고,1학년/2학년/3학년/제한없음,1000000원 
505,재단법인 연수큰재장학재단,특기장학생,지자체,장학금,특기자,1학년/2학년/3학년/제한없음,800000원 (생활비성)
506,사랑의열매 대구사회복지공동모금회,소선나눔기금,민간(기타),장학금,소득구분,1학년/2학년/3학년/제한없음,(고등학생) 5000000원 * 지원성격 : 학원비 등 교육비 기초생계유지비 등
507,재단법인 우인장학재단,우인장학생,민간(기타),장학금,소득구분,1학년/2학년/3학년/제한없음,3000000원 학기당 1500000원 
508,부산중구장학회,꿈드림장학생,지자체,장학금,소득구분,1학년/2학년/3학년/제한없음,1000000원
509,대소면장학회,성적장학생,지자체,장학금,지역연고,1학년/2학년/3학년/제한없음,1000000원
510,대소면장학회,특기장학생,지자체,장학금,특기자,1학년/2학년/3학년/제한없음,1000000원
511,재단법인 경주시장학회,일반 장학생,지자체,장학금,지역연고,1학년/2학년/3학년/제한없음,1000000원
512,재단법인 경주시장학회,특기장학생,지자체,장학금,특기자,1학년/2학년/3학년/제한없음,1000000원
513,한우자조금관리위원회,한우사랑장학생,민간(기타),장학금,기타,해당없음,1000000원
514,아이들과 미래재단,폴얀센장학기금 장학생,민간(기업),장학금,장애인,해당없음,학습 및 정서지원 장학금(매월 10만원*12개월)새학년 준비비 10만원(연 1회)
515,정이있는 장학재단,장학생,민간(기타),장학금,기타,1학년/2학년/3학년/제한없음,500000원
516,수경출판사,자이스토리장학금,민간(기타),장학금,성적우수,해당없음,대상 500만원금상 200만원장려상 100만원격려상 50만원노력상 10만원
517,대한체육회,체육장학생,민간(기타),장학금,특기자,해당없음,1000000원
518,(재)서초장학재단,장학생,지자체,장학금,지역연고,해당없음,1000000원
519,용인문화재단,용인청소년예술꿈드림,지자체,장학금,특기자,1학년/2학년/3학년/제한없음,사설학원 수강료 / 교재 재료 악기 대여·구매비의 일부 지원(1인당 최대 1000000원 )
520,건국대학교 음악영재교육원,서울시 음악영재 장학생,대학교,장학금,특기자,1학년/2학년/3학년, * 영재교육원 과정의 교육 실시일반영재 : 전공 실기 예술 융합교육 국악실기 및 앙상블 수업미래영재 : 음악 창의성 수업 전공 도입 전공 레슨국악영재 : 전공 실기 국악 기초 이론 앙상블 수업
521,두드림,두드림스타,민간(기타),장학금,장애인,1학년/2학년/3학년/제한없음,두드림 스타 : 월 400000원~500000원(교육 및 예체능장학금으로 교육장학금은 학원비/과외비/온라인강의 비용 예체능장학금은 레슨 및 훈련비 장비구입비)
522,두드림,두드림투게더,민간(기타),장학금,장애인,1학년/2학년/3학년/제한없음,월 350000원
523,재단법인 동천,"장학생(난민, 이주노동자, 다문화가정, 탈북민, 장애인)",민간(기타),장학금,기타,1학년/2학년/3학년/제한없음,매월 200000원 (1년 총 240만원)( * 학교수업료 학원비 발달장애인 치료비) * 지원기간 : 2022. 7 ~ 2023. 6 (1년)
524,지학사,풍산자 장학생,민간(기업),장학금,성적우수,1학년/2학년/3학년/제한없음,300000원 * 신청자 전원 '풍산자 수학 시리즈 교재 中 1권' 제공
525,홍명보장학재단,장학생,민간(기타),장학금,특기자,1학년/2학년,1500000원고등학교 졸업시까지 후원용품 지급
526,옥계면장학회,장학생,지자체,장학금,지역연고,1학년/2학년/3학년/제한없음,해당없음
527,대삼장학회,장학생,지자체,장학금,지역연고,1학년/2학년/3학년/제한없음,500000원
528,재단법인 빛이나,겨자씨 장학사업,민간(기타),장학금,특기자,1학년/2학년/3학년,1000000원 지급(성적향상 및 유지시 2학기 장학금 신청 가능) * 수업료 지원 / 생활비 지원 중 선택
529,금신장학재단,금신소망장학생,민간(기업),장학금,지역연고,1학년/2학년/3학년/제한없음,1인당 800000원
530,금신장학재단,금신기쁨장학생,민간(기업),장학금,성적우수,1학년/2학년/3학년/제한없음,800000원 (1인당)
531,재단법인 준제장학회,귀감나무장학생,민간(기타),장학금,소득구분,1학년/2학년/3학년/제한없음,2000000원
532,재단법인 준제장학회,영재나무장학생,민간(기타),장학금,특기자,1학년/2학년/3학년/제한없음,500000원 (각종 경연대회 참가비 교육비 등 지원)
533,재단법인 준제장학회,희망나무장학생,민간(기타),장학금,기타,1학년/2학년/3학년/제한없음,500000원
534,단월면장학회,단월면장학생,지자체,장학금,지역연고,1학년/2학년/3학년/제한없음,300000원(1인당)
535,(사)개벽장학회,학업우수장학생 ,민간(기타),장학금,성적우수,1학년/2학년/3학년/제한없음,1000000원(생활비성 장학)
536,(사)개벽장학회,특기(체육)장학생,민간(기타),장학금,특기자,1학년/2학년/3학년/제한없음,1000000원 (생활비성)
537,재단법인 김해시미래인재장학재단,예체능꿈나무장학생,지자체,장학금,특기자,1학년/2학년/3학년/제한없음, 1인당 (월 500000원X12개월)=6000000원
538,재단법인 김해시미래인재장학재단,성적우수장학금(일반),지자체,장학금,지역연고,3학년,1인당 최대 300만원 / 년 2회 분할지급
539,재단법인 김해시미래인재장학재단,성적우수장학금(특별),지자체,장학금,지역연고,3학년,1인당 최대 300만원 / 년 2회 분할지급
540,재단법인 복성장학회,꿈 장학생,민간(기타),장학금,기타,해당없음,800000원
541,(재)엔코이 교육재단,자매사랑장학생,민간(기타),장학금,기타,1학년/2학년/3학년/제한없음,1인당 1000000원 
542,사단법인 한국소아당뇨인협회,젊은당뇨인희망장학금,민간(기타),장학금,기타,1학년/2학년/3학년/제한없음,1인당 150만원* 전액 현금지원
543,문암장학문화재단,장학생,민간(기타),장학금,기타,해당없음,1000000원 
544,사단법인 위드다문화,장학생,민간(기업),장학금,기타,해당없음,500000원 
545,재단법인 인성장학재단,장학생,민간(기타),장학금,기타,해당없음, 1000000원
546,재단법인 춘천시민장학복지재단,애향장학생(통리반장자녀),지자체,장학금,지역연고,1학년/2학년/3학년/제한없음,최대 500000원
547,재단법인 춘천시민장학복지재단,애향장학생(시정유공본인·자녀),지자체,장학금,지역연고,1학년/2학년/3학년/제한없음,최대 500000원
548,재단법인 춘천시민장학복지재단,애향장학생(환경공원주변자녀),지자체,장학금,지역연고,1학년/2학년/3학년/제한없음,최대 500000원
549,재단법인 춘천시민장학복지재단,성적우수장학금,지자체,장학금,지역연고,1학년/2학년/3학년/제한없음,최대 500000원
550,재단법인 춘천시민장학복지재단,특기장학금,지자체,장학금,특기자,1학년/2학년/3학년/제한없음,최대 500000원
551,사단법인 한국다문화청소년협회,학업장학,민간(기타),장학금,기타,1학년/2학년/3학년/제한없음,1인당 3000000원
552,대전YMCA,꿈이룸장학생,민간(기타),장학금,소득구분,1학년/2학년/3학년,700000원
553,하트하트재단,문화예술 차세대 인재양성사업 장학생,민간(기타),장학금,특기자,1학년/2학년/3학년/제한없음,음악교육비 (1인 10000000원 이내)전문음악인과 함께하는 콘서트 등 다수 활동 지원
554,우체국공익재단,희망장학금,관계부처,장학금,소득구분,해당없음,1000000원
555,충렬장학회,장학생,지자체,장학금,지역연고,해당없음,최대 1000000원
556,만세보령장학회,특수학교장학금,지자체,장학금,지역연고,해당없음,500000원
557,만세보령장학회,특수학교장학금,지자체,장학금,장애인,해당없음,해당없음
558,삼성꿈장학재단,SOS꿈나눔 장학금,민간(기업),장학금,소득구분,해당없음,300만원(4회로 나누어 지급)
559,강북구청,재능장학생,지자체,장학금,기타,해당없음,지원금액 : 연간 1인당 300만원 이내 
560,IBK행복나눔재단,다문화가정자녀장학금,민간(기업),장학금,기타,해당없음,학업 및 생활비 지원
561,재단법인청도군인재육성장학회,특기장학생,지자체,장학금,지역연고,해당없음,500000원 
562,(재)중구인재육성장학재단,특기(또는 재능)장학생,지자체,장학금,지역연고,해당없음,1000000원
563,한국수자원공사,충주댐주변지역장학생,관계부처,장학금,지역연고,해당없음,700000원
564,산청양수장학회,특별장학생,지자체,장학금,지역연고,해당없음,500000원
565,사단법인남해군향토장학회,나눔장학금,지자체,장학금,소득구분,해당없음,500000원
566,(재)영암군민장학회,학교밖청소년장학금,지자체,장학금,기타,해당없음,500000원
567,재단법인 전남인재평생교육진흥원,한울타리장학생,지자체,장학금,지역연고,해당없음,500000원 
568,재단법인김제사랑장학재단,모두누리 진학격려금,지자체,장학금,지역연고,해당없음,500000원
569,광주남구장학회,일반장학생,지자체,장학금,지역연고,해당없음,50만원원
570,재단법인 연수큰재장학재단,복지장학생,지자체,장학금,지역연고,해당없음,500000원 (생활비성장학금)
571,재단법인보은군민장학회,유망선수장학금,지자체,장학금,특기자,해당없음,500000원
572,사단법인봉화군교육발전위원회,다자녀장학생,지자체,장학금,지역연고,해당없음,1000000원
573,심헌문화재단,예체능장학생,민간(기타),장학금,특기자,해당없음,해당없음
574,만세보령장학회,다자녀가정자녀장학금,지자체,장학금,기타,해당없음,해당없음
575,횡성인재육성장학회,체육특기부문,지자체,장학금,특기자,해당없음,500000원
576,재단법인 전남인재평생교육진흥원,전라남도장학생,지자체,장학금,지역연고,해당없음,신규선발 1000000원계속지원 4000000원(학업장려금으로 이중수혜 가능) * 희망대학 진학시 대학졸업시까지 장학금 지원
577,(재)시안장학회,미래재능장학생,민간(기타),장학금,소득구분,해당없음,연간 5000000원
578,(재)영암군민장학회,장애가정학생장학금,지자체,장학금,장애인,해당없음,1000000원
579,서울장학재단,서울꿈길장학금,지자체,장학금,기타,1학년/2학년/3학년/제한없음,1500000원 ※ 학업장려금
580,하동군장학재단(하동군청),수능성적우수장학생,지자체,장학금,성적우수,해당없음,4개 영역 평균 2등급 이내 : 5000000원 4개 영역 중 3개 영역 5등급(문과).6등급(이과) : 3000000원
581,재단법인 연수큰재장학재단,다문화장학생,지자체,장학금,지역연고,해당없음,500000원 (생활비성 장학금)
582,진주시청,다자녀장학생,지자체,장학금,기타,해당없음,1000000원
583,재단법인 영등포구장학재단,인재육성 장학생,지자체,장학금,지역연고,해당없음,1인당 1800000원(상하반기 분할 지급)
584,경상북도청,포플라장학생,지자체,장학금,지역연고,해당없음,1000000원 
585,강원도 원주시청,특정분야우수인재,지자체,장학금,특기자,해당없음,1000000원 * 학습지원비 명목의 장학금으로 타 장학금과의 중복 수혜 가능
586,재단법인 대구광역시인재육성장학재단,기능경기대회 훈련생 장학금,지자체,장학금,특기자,해당없음,1000000원
587,재단법인 구미시장학재단,기회균등장학금,지자체,장학금,소득구분,해당없음,500000원
588,춘천효자종합사회복지관,희망나눔장학금,지자체,장학금,기타,해당없음,300000원
589,인슐레이션코리아드림재단,캐나다 장학생,민간(기타),장학금,기타,해당없음,1인당 1200 캐나다 달러
590,(재)제주평생교육장학진흥원,희망장학금,지자체,장학금,지역연고,해당없음,1인당 1000000원 
591,재단법인 대구광역시인재육성장학재단,대구교육인재육성장학금(공감소통),지자체,장학금,지역연고,해당없음,4000000원매년 재심사를 거쳐 고등학교 졸업시까지 지속 지원
592,백운장학회(광양),다자녀가정,지자체,장학금,지역연고,해당없음,25명 62500000원 (1인당 최대 2500000원)
593,재단법인 의성군인재육성재단,예체능특기자 장학금,지자체,장학금,지역연고,해당없음,1위: 1000000원2위: 700000원3위: 500000원
594,(재)영암군민장학회,다자녀가정학생장학금,지자체,장학금,기타,해당없음,1000000원
595,전주인재육성재단,지역우수인재장학(특기생),지자체,장학금,지역연고,해당없음,1000000 ~ 2000000원
596,재단법인 백영장학재단,문화생활장학금,민간(기업),장학금,기타,해당없음,00원 
597,수곡장학회,장학생,대학교,장학금,지역연고,해당없음,1000000원 (2회 분할지급)
598,공주시한마음장학회,귀농귀촌인자녀 장학생,지자체,장학금,지역연고,해당없음,800000원 
599,통영시지속가능발전교육재단,인재육성장학금(특별),지자체,장학금,기타,해당없음,1인당 최대 10000000원 최대 2회 지급
600,사단법인 함양군 장학회,근로자자녀장학금,지자체,장학금,지역연고,해당없음,500000원
601,(재)강릉시 미래인재육성재단,자립장학금,지자체,장학금,소득구분,해당없음,1000000원
602,한성손재한학장회,한성노벨영·수재장학생,민간(기타),장학금,기타,해당없음,자연계열: 5000000원인문계열: 3000000원
603,원덕읍향토장학회,장학생,지자체,장학금,지역연고,해당없음,원덕읍향토장학회 이사회에서 심의 및 의결한 선발인원 및 확정금액 지급
604,꿈나무가꾸기명정장학재단,초파일 장학생,민간(기타),장학금,기타,해당없음,500000원
605,부산사상구장학회,예술체육기능특기장학금,지자체,장학금,특기자,해당없음,1000000원 
606,백운장학회(광양),향우자녀장학금,지자체,장학금,기타,해당없음,500000원 * 생활비 지원으로 이중수혜 가능
607,시흥시인재양성재단,소상공인자녀장학금,지자체,장학금,지역연고,해당없음,1000000원
608,부스러기사랑나눔회,성적장학생,민간(기타),장학금,성적우수,해당없음,총 2500000원
609,전라북도평생교육장학진흥원,미래인재특기장학생,지자체,장학금,지역연고,해당없음,1인당 1000000원
610,(재)인천인재평생교육진흥원,재능인장학금,지자체,장학금,특기자,해당없음,학기당 1000000원 ( * 생활비성 장학금 이중수혜 가능능)
611,경상남도 거제시청,고등학교우수장학생,지자체,장학금,성적우수,해당없음,500000원
612,부스러기사랑나눔회,새내기장학금,민간(기타),장학금,기타,해당없음,300000원
613,재단법인 의성군인재육성재단,특성화고 기능대회 우수자 장학금,지자체,장학금,특기자,해당없음,금상 : 1000000원 은상 : 700000원 동상 : 500000원 입상 및 경북대표 300000원 
614,서울특별시 양천구청,공항소음피해지역 장학생,지자체,장학금,지역연고,해당없음,1000000원 
615,재단법인 옥천군장학회,특기장학생,지자체,장학금,특기자,해당없음,자세한 사항은 첨부파일 참고
616,남포동장학회,장학생,지자체,장학금,지역연고,해당없음,500000원 
617,재단법인 대구광역시인재육성장학재단,학업중단 위기극복 장학금,지자체,장학금,소득구분,해당없음,1000000원 
618,(재)서편탐장학선교재단,장학생,민간(기타),장학금,기타,해당없음,학업보조금
619,재단법인 하남교육재단,특기장학생,지자체,장학금,특기자,해당없음,300000원
620,재단법인 연수큰재장학재단,연수선행장학생,지자체,장학금,지역연고,해당없음,500000원 (생활비성)
621,남북하나재단,제3국출생탈북자녀장학,민간(기타),장학금,기타,해당없음,1000000원 * 외부 기부금으로 일회성 성격의 장학금 * 생활비 보조 장학금
622,재단법인 충북인재양성재단,곰두리장학금,지자체,장학금,지역연고,해당없음,900000원
623,시흥시인재양성재단,시흥채움장학생,지자체,장학금,기타,해당없음,300000원
624,양록장학회,특별장학(관내최고성적졸업자),지자체,장학금,지역연고,1학년/2학년/3학년/제한없음,800000원
625,(재)시안장학회,골프인재장학생,민간(기타),장학금,특기자,해당없음,7000000원
626,공주시한마음장학회,다자녀가정 장학생,지자체,장학금,지역연고,해당없음,800000원 
627,재단법인남양주장학재단,성적우수장학생,지자체,장학금,성적우수,해당없음,1000000원 (2분기로 분할지급)
628,아이들과 미래재단,삼성화재 교통사고유자녀 장학생,민간(기업),장학금,기타,해당없음,고등학생 1학년 : 25만원고등학생 2학년 : 30만원고등학생 3학년 : 35만원 * 자세한 내용은 홈페이지 참조바람
629,이천시민장학회(이천시청),비전장학생,지자체,장학금,성적우수,해당없음,1000000원
630,서울특별시 광진구청,특기장학생,지자체,장학금,특기자,해당없음,1000000원
631,양록장학회,예체능특기장학,지자체,장학금,특기자,해당없음,500000원
632,시흥시인재양성재단,장애인장학생,지자체,장학금,장애인,해당없음,1000000원
633,금왕장학회,다자녀장학생,민간(기타),장학금,지역연고,해당없음,고등학생 : 1000000원 
634,재단법인청도군인재육성장학회,기타장학생 ,지자체,장학금,지역연고,해당없음,300000원 
635,영양군인재육성장학회,장학생,지자체,장학금,성적우수,해당없음,연 300000원
636,광양시새마을회,광양시새마을지도자자녀(유공),지자체,장학금,지역연고,해당없음,등록금 범위 내 지원원
637,경기도청,청소년생활장학금,지자체,장학금,기타,해당없음,중학생: 700000원고등학생: 1000000원
638,재단법인 당진장학회,지정장학생,지자체,장학금,기타,해당없음,1000000원
639,부산광역시 해운대구청,해운대장학금,지자체,장학금,지역연고,해당없음,해당 연도 기금 운용이자 수익금 범위에서 장학금 지급인원 및 지급금액 정함
640,재단법인 드림파크장학회,특기장학생,민간(기타),장학금,특기자,해당없음,해당없음
641,재단법인 금산교육사랑장학재단,재능Ⅱ 장학생,지자체,장학금,특기자,해당없음,1000000원
642,(재)중구인재육성장학재단,꿈드림(저소득)장학생,지자체,장학금,기타,해당없음,1000000원
643,디아코니아장학위원회,다음세대장학생,민간(기타),장학금,지역연고,해당없음,1200000원/년
644,사천시인재육성장학재단,예체능우수장학생 및 단체,지자체,장학금,특기자,해당없음,200000원 ~ 3000000원
645,한국증권금융꿈나눔재단,우리사주장학생,민간(기업),장학금,기타,해당없음,1000000원
646,재단법인 당진장학회,특별장학생,지자체,장학금,지역연고,해당없음,1000000원
647,광혜원면장학회,장학생,지자체,장학금,지역연고,해당없음,고등학교 재학생 : 1인당 1000000원
648,사단법인 고령군교육발전위원회,예.체.기능 우수장학생,지자체,장학금,지역연고,해당없음,1인당 300000원 이내 
649,재단법인 안산인재육성재단,꿈키움장학생,지자체,장학금,지역연고,해당없음,연 500000원 (지역화폐 지급)
650,재단법인 인천동구장학재단,창의인재 특기장학생,지자체,장학금,특기자,해당없음,1순위 : 1000000원2순위 : 500000원
651,경기도 연천군청,NRC 장학생,지자체,장학금,지역연고,해당없음,해당없음
652,순천시인재육성장학회,학력신장장학금,지자체,장학금,지역연고,해당없음,1000000원
653,경원장학재단,경원장학생,민간(기타),장학금,기타,해당없음,1500000원 
654,(재)부안군근농인재육성재단,특기장학금,지자체,장학금,특기자,해당없음,개인 1000000원 / 단체 2000000원
655,노원교육복지재단,예체능특기생장학금,지자체,장학금,특기자,해당없음,2000000원
656,진주시청,성적우수장학생,지자체,장학금,성적우수,해당없음,1000000원
657,(재)강릉시 미래인재육성재단,특기장학금,지자체,장학금,특기자,해당없음,1000000원
658,재단법인 하남교육재단,무지개장학생,지자체,장학금,지역연고,해당없음,300000원
659,재단법인 포천시교육재단,예체기능문학 장학금,지자체,장학금,지역연고,해당없음,해당없음
660,재단법인 포천시교육재단,초중고 장학생,지자체,장학금,기타,해당없음,500000원
661,재단법인은평구민장학재단,나비장학금,지자체,장학금,지역연고,해당없음,100000원
662,(재)진천군장학회,희망사다리장학금,지자체,장학금,소득구분,해당없음,500000원
663,전라북도 남원시청,춘향인재장학생 보람 ,지자체,장학금,지역연고,해당없음,1000000원
664,(재)영암군민장학회,읍면차상위계층학생장학금,지자체,장학금,소득구분,해당없음,1500000원
665,재단법인 진도군인재육성장학회,특기 장학생,지자체,장학금,특기자,해당없음,해당없음
666,부산사상구장학회,일반장학금,지자체,장학금,지역연고,해당없음,500000원
667,재단법인 당진장학회,특기장학생,지자체,장학금,특기자,해당없음,1000000원
668,재단법인 대구광역시인재육성장학재단,이음 장학금,지자체,장학금,기타,해당없음,1000000원
669,재단법인남양주장학재단,복지장학생,지자체,장학금,소득구분,해당없음,1000000원 (2분기로 분할 지급)
670,(재)정인욱학술장학재단,특별장학금,지자체,장학금,기타,해당없음,1인당 50만원
671,재단법인 목포인재육성재단,희망장학생(북한이탈주민),지자체,장학금,지역연고,해당없음,500000원
672,재단법인 광남새마을금고 장학회,예체능특기장학생,민간(기업),장학금,특기자,해당없음,700000원
673,전라북도 남원시청,춘향인재장학생 희망,지자체,장학금,소득구분,해당없음,1000000원 
674,광양시새마을회,광양시새마을지도자자녀(특기),지자체,장학금,특기자,해당없음,등록금 범위 내 지원 
675,효봉장학회,글로벌효봉장학생,민간(기타),장학금,기타,해당없음,중고생 1인당 50만원 한도
676,경상북도 울릉군청,다둥이장학금,지자체,장학금,지역연고,해당없음,600000원
677,(재)용복장학회,배움지원장학금,민간(기타),장학금,성적우수,해당없음,500000원 내외 (생활비 지원)
678,계양구 인재양성장학재단,특기장학생,지자체,장학금,특기자,해당없음,1000000원 (생활비성 장학금)
679,재단법인 목포인재육성재단,희망장학생(농·어업인),지자체,장학금,지역연고,해당없음,500000원
680,재단법인 동구교육발전장학회,중소기업근로자자녀장학금,지자체,장학금,기타,해당없음,해당없음
681,재단법인 전남인재평생교육진흥원,특별격려 장학생,지자체,장학금,특기자,해당없음,1000000원 ~ 5000000원(학업장려금으로 이중수혜 가능)
682,재단법인김제사랑장학재단,체육꿈나무 격려장학,지자체,장학금,지역연고,해당없음,500000원
683,순천시인재육성장학회,특기자장학금,지자체,장학금,특기자,해당없음,국내 : 1000000원국제 : 2000000원꿈응원 : 6000000원
684,시흥시인재양성재단,학교밖청소년장학생,지자체,장학금,지역연고,해당없음,1000000원
685,이천시민장학회(이천시청),복지장학생,지자체,장학금,소득구분,해당없음,1000000원* 생활비
686,재단법인 춘천시민장학복지재단,애향장학생(저소득자녀(손)),지자체,장학금,지역연고,해당없음,최대 500000원
687,시흥시인재양성재단,다문화장학생,지자체,장학금,기타,해당없음,1000000원
688,수성미래교육재단,수성인재장학생(희망),지자체,장학금,지역연고,해당없음,1000000원
689,부산중구장학회,학업성적우수장학생,지자체,장학금,성적우수,해당없음,1000000원
690,제주4.3평화재단,제주4.3장학생,대학교,장학금,지역연고,해당없음,500000원
691,푸른나무재단,대현장학생,민간(기업),장학금,소득구분,해당없음,1000000원
692,부산중구장학회,미래인재육성장학생,지자체,장학금,성적우수,해당없음,3000000원
693,(재)인천인재평생교육진흥원,글로벌인재육성장학생,지자체,장학금,지역연고,해당없음,1000000원
694,재단법인 당진장학회,복지장학생,지자체,장학금,소득구분,해당없음,각 1000000원
695,아이들과 미래재단,꿈이룸재능장학금,민간(기업),장학금,특기자,해당없음,연 2400000원
696,진주시청,특기장학생,지자체,장학금,특기자,해당없음,1000000원
697,대전인재육성장학재단,재능장학생,지자체,장학금,특기자,해당없음,700000원
698,만세보령장학회,북한이탈주민가정자녀장학금,지자체,장학금,기타,해당없음,해당없음
699,재단법인 천안사랑장학재단,인재육성장학금,지자체,장학금,지역연고,해당없음,1800000원
700,재단법인 대구광역시인재육성장학재단,나침반 장학금,지자체,장학금,기타,해당없음,1000000원
701,한국장애인재활협회,현대홈쇼핑 두드림투게더 장학생,관계부처,장학금,장애인,해당없음,월 최대 350000원멘토링 활동
702,청송양수발전소장학회,사회적배려장학생,민간(기타),장학금,지역연고,해당없음,500000원
703,사단법인 광주광역시 동구 인재육성장학회,특기/창업·아이디어,지자체,장학금,특기자,해당없음,500000원
704,재단법인 대구광역시인재육성장학재단,삼일방 장학금,지자체,장학금,지역연고,해당없음,500000원
705,부스러기사랑나눔회,꿈끼장학생,민간(기타),장학금,특기자,해당없음,연 2500000원
706,재단법인 대구광역시인재육성장학재단,김종일 인성 장학금,지자체,장학금,기타,해당없음,300000원 
707,한국해운조합,선원공제장학생,민간(기타),장학금,기타,해당없음,1000000원
708,온산공단장학위원회,장학생,민간(기업),장학금,지역연고,해당없음,500000원
709,송암점자도서관,시각장애인 장학,민간(기타),장학금,장애인,해당없음,1인당 500000원 
710,재단법인 마포인재육성장학재단,재능장학생,지자체,장학금,특기자,해당없음,월 500000원(1년)
711,백운장학회(진안),장학생,지자체,장학금,지역연고,해당없음,500000원
712,재단법인 수원시장학재단,효.선행장학생,지자체,장학금,기타,해당없음,500000원 
713,(재)농촌청소년미래재단,장학생,민간(기타),장학금,기타,해당없음,고등학교 전 과정 학기당 110만원/연220만원 ( 선발 후 1학기부터 지급)장학생으로 졸업 후 국공립대학에 진학할 경우 4년 등록금 전액 지원 재단에서 진행하는 자기개발프로그램 연수 지원
714,아이들과 미래재단,우리은행농산어촌 금융특성화고장학,민간(기업),장학금,기타,해당없음,연 1회 교육장학금 지원(1인당 30만원) 자격증 및 진로 강의 수강 및 시험 응시비 사용
715,영동군민장학회,난계국악장학금,지자체,장학금,지역연고,해당없음,500000원
716,충청북도 영동군청,교육특별장학금,지자체,장학금,기타,해당없음,100000원
717,부산사상구장학회,미래인재장학생,지자체,장학금,성적우수,해당없음,3000000원
718,재단법인 대구광역시인재육성장학재단,아름드리 장학금,지자체,장학금,기타,해당없음,50000원
719,현대차 정몽구 재단,문화예술인재장학금,민간(기업),장학금,특기자,해당없음,400만원/학기국제 콩쿠르 장학금 및 글로벌 우수 장학금: 연1회 250만원 이내 국제 콩쿠르 참가 지원/ 입상 시 글로벌 우수 장학금 300만원 지원해외진출 장학금: 250~500만원/학기마스터 클래서 및 연주 기회 제공(온드림 앙상블)
720,계룡시애향장학회,학업우수장학생,지자체,장학금,성적우수,해당없음,1000000원
721,재단법인 류호산장학회,장학생,민간(기타),장학금,성적우수,해당없음,연간 1500000원최대 2년 지급
722,백운장학회(광양),다문화가정,지자체,장학금,지역연고,해당없음, 700000원
723,재단법인 충북인재양성재단,특기장학금,지자체,장학금,특기자,해당없음,900000원
724,재단법인 세종특별자치시인재육성평생교육진흥원,학교밖청소년지원장학,지자체,장학금,지역연고,해당없음,1000000원
725,재단법인 포천시교육재단,일반 장학금,지자체,장학금,지역연고,해당없음,1인당 500000원 
726,(재)보성군장학재단,푸른꿈장학생,지자체,장학금,특기자,해당없음,1000000원
727,재단법인 대정장학재단,장학생,민간(기타),장학금,기타,해당없음,연간 3000000원 (생활비)심사후 고교 졸업시까지 지급
728,양평군교육발전위원회,가온누리 특별장학생,지자체,장학금,지역연고,해당없음,지역화폐 50만원
729,재단법인 포천시교육재단,성적우수 장학금,지자체,장학금,성적우수,해당없음,1인당 500000원 
730,시흥시인재양성재단,북한이탈주민장학생,지자체,장학금,기타,해당없음,1000000원
731,재단법인 세종특별자치시인재육성평생교육진흥원,장애인 특기적성장학,지자체,장학금,장애인,해당없음,1000000원
732,사단법인 한국다문화청소년협회,특기장학,민간(기타),장학금,특기자,해당없음,1인당 5000000원
733,재단법인민들레장학회,드림 장학금,민간(기타),장학금,성적우수,해당없음,해당없음
734,재단법인 하남교육재단,향토장학생,지자체,장학금,지역연고,해당없음,300000원
735,재단법인 목포인재육성재단,희망장학생(한부모·조손),지자체,장학금,지역연고,해당없음,500000원
736,재단법인 옥천군장학회,곰두리장학생,지자체,장학금,지역연고,해당없음,700000원
737,전북애향장학재단,전북애향장학생,지자체,장학금,지역연고,해당없음,2000000원 (학기당)연 400만원
738,사단법인산청군향토장학회,서민자녀 생활장학생,지자체,장학금,지역연고,해당없음,50만원
739,용인시처인장애인복지관,장학금지원사업,민간(기업),장학금,장애인,해당없음,500000원
740,광주시문화재단,문화예술장학생,지자체,장학금,특기자,해당없음,3000000원
741,재단법인 의성군인재육성재단,학업성취도 향상 장학금,지자체,장학금,지역연고,해당없음,1000000원
742,재단법인 신안군장학재단,어가 및 저소득 자녀 장학,지자체,장학금,지역연고,해당없음,700000원
743,(재)중구인재육성장학재단,학력(성적)우수장학생,지자체,장학금,지역연고,해당없음,1000000원 
744,재단법인 전남인재평생교육진흥원,지역공헌장학생,지자체,장학금,지역연고,해당없음,1500000원 (2회 분할 지급) (선발 시 1000000원 + 취업 후 500000원)
745,재단법인 대구광역시인재육성장학재단,탁성길 인성 장학금,지자체,장학금,지역연고,해당없음,1000000원
746,대구광역시청,중소기업근로자자녀장학생,지자체,장학금,지역연고,해당없음,1500000원 이내
747,사단법인산청군향토장학회,일반장학금 ,지자체,장학금,지역연고,해당없음,500000원
748,아이들과 미래재단,메르세데스-벤츠-기브앤드림장학생,민간(기업),장학금,특기자,해당없음,연 300만원 이하 필요 금액 신청 * 자세한 내용은 홈페이지 참조 바람
749,재단법인 전남인재평생교육진흥원,SK E&S 전남도시가스장학생,지자체,장학금,소득구분,해당없음,500000원
750,(재)보성군장학재단,꿈드림 장학금,지자체,장학금,기타,해당없음,700000원
751,최경주재단,최경주골프꿈나무장학,민간(기타),장학금,특기자,해당없음,대회 및 훈련비 지원정기라운드 지원AJGA대회 출전권현대해상 최경주 인비테이셔녈 대회 출전 기회 제공 * 자세한 내용은 홈페이지 확인 바람
752,중구월디장학회,해송장학금,지자체,장학금,지역연고,해당없음,1000000원
753,(재)중구인재육성장학재단,중구 인재 장학생,지자체,장학금,지역연고,해당없음,32.000.000원 / 1인당 4000000원 
754,산청양수장학회,일반장학생,지자체,장학금,지역연고,해당없음,500000원
755,금왕장학회,특기장학생,민간(기타),장학금,지역연고,해당없음,고등학생 : 1000000원
756,재단법인 연수큰재장학재단,학업우수장학생,대학교,장학금,지역연고,해당없음,500000원 (동일 학기 등록금 한도 내 중복지원 가능)
757,한성장학회,영.수재장학,민간(기타),장학금,기타,해당없음,최대 1000만원연간 자연계열 500만원 인문계열 300만원 지급( 졸업시까지 지급 )
758,광주광역시서구장학재단,행복(저소득)장학금,지자체,장학금,지역연고,해당없음,500000원
759,토니모리,희망열매장학,민간(기업),장학금,기타,해당없음,1인 300만원 
760,재단법인 하남교육재단,행복장학생,지자체,장학금,지역연고,해당없음,300000원
761,재단법인 하남교육재단,미래장학생,지자체,장학금,지역연고,해당없음,300000원
762,(재)논공효천장학회,장학생,민간(기타),장학금,지역연고,해당없음,500000원 
763,울산광역시 울주군청,롯데 희망장학생,지자체,장학금,기타,해당없음,500000원
764,옹진군덕적면,덕적면주민장학금,지자체,장학금,지역연고,해당없음,해당없음
765,재단법인 형남진장학재단,특성화계,민간(기타),장학금,지역연고,해당없음,3000000원
766,한국수자원공사,대청댐주변지역장학생,지자체,장학금,기타,해당없음,700000원(한도금액 내에서 지원 가능)
767,재단법인 광남새마을금고 장학회,우등장학생,민간(기업),장학금,지역연고,해당없음,700000원 
768,재단법인 안산인재육성재단,특별장학생,지자체,장학금,지역연고,해당없음,500000원
769,아이들과 미래재단,희망샘기금 장학생,민간(기업),장학금,기타,해당없음,교육 장학금 고등 월 16만원 + 12개월북멘토 도서지원(4회)기념일(생일 크리스마스) 선물아스트라제네카 임직원과 함께하는 전체 행사(연1회 참석필수)
770,재단법인 순장학회,장학생,민간(기타),장학금,지역연고,해당없음,학업장학금 (방과후 활동비 및 참고도서 구입비 등 100~200만원)
771,금천미래장학회,성적우수,지자체,장학금,성적우수,해당없음,1인당 1500000원 
772,달서인재육성장학재단,특기장학생,지자체,장학금,특기자,해당없음,1인당 80만원 
773,백운장학회(광양),지정기탁장학금,지자체,장학금,지역연고,해당없음,대학생 포함 12명 18000000원1인당 지원액은 자율적으로 조정 가능 * 생활비 지원으로 이중수혜 가능능
774,재단법인김제사랑장학재단,희망나눔장학금,지자체,장학금,지역연고,해당없음,1000000원
775,재단법인청도군인재육성장학회,효행장학생,지자체,장학금,지역연고,해당없음,500000원 
776,순천시인재육성장학회,희망드림장학금,지자체,장학금,지역연고,해당없음,1000000원 
777,재단법인 하남교육재단,희망장학생,지자체,장학금,지역연고,1학년/2학년/3학년/제한없음,300000원
778,재단법인 대전광역시서구인재육성장학재단,행복장학생,지자체,장학금,지역연고,해당없음,1000000원(1인당)
779,(재)옥포장학문화재단,장학생,민간(기타),장학금,지역연고,해당없음,1000000원
780,재단법인 포천시교육재단,검정고시 장학생,지자체,장학금,지역연고,해당없음,1000000원
781,봉평태기장학회,향토장학생,민간(기타),장학금,지역연고,해당없음,500000원
782,대전인재육성장학재단,성취장학금,지자체,장학금,지역연고,해당없음,700000원
783,울산광역시 울주군청,저소득자녀장학금,지자체,장학금,소득구분,해당없음,해당없음
784,장흥군인재육성장학회,성적우수중학생관내고진학생,지자체,장학금,지역연고,해당없음,해당없음
785,사단법인 고령군교육발전위원회,고령을빛낸 특별장학생,지자체,장학금,지역연고,해당없음,1인당 200000원 
786,재단법인 드림파크장학회,드림장학생,민간(기타),장학금,성적우수,해당없음,해당없음
787,(재)송강장학회,장학생,민간(기타),장학금,기타,해당없음,1년 6000000원
788,부산사상구장학회,우수장학생,지자체,장학금,성적우수,해당없음,1500000원~3000000원
789,공주시한마음장학회,한마음SOS장학생,지자체,장학금,기타,해당없음,800000원
790,수성미래교육재단,수성인재장학생(특기),지자체,장학금,특기자,해당없음,1000000원
791,(재)자동차노련장학재단,장학생,민간(기타),장학금,기타,해당없음,800000원 
792,(재)음성군장학회,지정장학생,지자체,장학금,지역연고,해당없음,2000000원 
793,하동군장학재단(하동군청),특기장학생,지자체,장학금,특기자,해당없음,지급액은 이사회에서 결정
794,재단법인 대구광역시인재육성장학재단,김홍진 장학금,지자체,장학금,지역연고,해당없음,1000000원 
795,(재) 고양시청소년재단,청소년생활장학금,지자체,장학금,소득구분,해당없음,1000000원 (4월 9월 각 50%씩 지원) * 상반기: 22.4.20까지 도내 주민등록을 둔 거주자 * 하반기: 상반기 지급일부터 9.20까지 계속하여 도내 주민등록을 둔 거주자
796,안양시 인재육성재단,ESG 장학생,지자체,장학금,지역연고,해당없음,1500000원
797,전라남도 영광군청,원전지역장학(특기자),지자체,장학금,특기자,해당없음,300000원
798,재단법인 목포인재육성재단,희망장학생(장애인),지자체,장학금,지역연고,해당없음,500000원
799,KT&G장학재단,문화예술장학생,민간(기업),장학금,특기자,해당없음,5000000원 및 참여형 프로그램
800,광주남구장학회,특별장학생,지자체,장학금,기타,해당없음,500000원원
801,경산시장학회,희망장학금,지자체,장학금,지역연고,해당없음,500000원
802,재단법인 당진장학회,우수장학생,지자체,장학금,성적우수,해당없음,500000원
803,의왕시인재육성재단,소상공인 자녀 장학금,지자체,장학금,지역연고,해당없음,500000원 * 생활비성
804,강원인재육성재단,미래인재 장학생,지자체,장학금,특기자,해당없음,연 최고 3000000원
805,한진해운장학재단,장학생,민간(기업),장학금,기타,해당없음,1000000원 이내 (실 납입 등록금 한도 내)
806,재단법인 목포인재육성재단,희망장학생(다문화),지자체,장학금,지역연고,해당없음,500000원
807,재단법인 동구교육발전장학회,관내고등학교진학장려장학금,지자체,장학금,기타,해당없음,해당없음
808,재단법인 의성군인재육성재단,선행.효행.봉사 장학금,지자체,장학금,지역연고,해당없음,1000000원
809,전라남도 영광군청,원전지역장학(성적우수),지자체,장학금,성적우수,해당없음,300000원
810,(재)영암군민장학회,다문화가정학생장학금,지자체,장학금,기타,해당없음,1000000원
811,연필장학재단,장학생,민간(기타),장학금,기타,해당없음,3년 간 연 2회 각 50만원 지급
812,재단법인 전남인재평생교육진흥원,긴급지원장학생,지자체,장학금,기타,해당없음,1000000원 ~ 5000000원
813,백운장학회(광양),특기지도 우수학교,지자체,장학금,특기자,해당없음,1500000원
814,재단법인 상주시장학회,특별장학금(학교밖청소년),지자체,장학금,지역연고,해당없음,500000원
815,백산장학재단,장학생,민간(기타),장학금,기타,해당없음,해당없음
816,재단법인 윤고산장학회,장학생,민간(기타),장학금,기타,해당없음,해당없음
817,장척문화재단,장학생,지자체,장학금,지역연고,해당없음,500000원
818,(재)진명100주년장학재단,장학생,민간(기타),장학금,기타,해당없음,500000원 
819,사단법인남해군향토장학회,희망장학금,지자체,장학금,소득구분,해당없음,700000원
820,재단법인청도군인재육성장학회,진학.우수 장학생,지자체,장학금,지역연고,해당없음,15000000/n 명 
821,박기주장학재단,미래희망인재육성 장학생,민간(기타),장학금,기타,해당없음,지급 범위 내 조정하여 지원
822,재단법인 신안군장학재단,만학도장학금,지자체,장학금,지역연고,해당없음,예산범위내
823,용인시장학재단,보훈장학금,지자체,장학금,기타,해당없음,500000원
824,재단법인 상주시장학회,특기장학생,지자체,장학금,특기자,해당없음,단체 2000000원개인 1000000원
825,디아코니아장학위원회,목회자자녀장학생,민간(기타),장학금,지역연고,해당없음,1200000원/년
826,(재)영암군민장학회,한부모가정 및 조손소년소녀가정장학금,지자체,장학금,기타,해당없음,1000000원
827,순천시인재육성장학회,다자녀장학금,지자체,장학금,지역연고,해당없음,1000000원 
828,재단법인 천안사랑장학재단,우수장학금,지자체,장학금,지역연고,해당없음,700000원
829,(재)강릉시 미래인재육성재단,우수장학금,지자체,장학금,지역연고,해당없음,1000000원
830,양촌장학회,장학생,민간(기타),장학금,지역연고,해당없음,1000000원
831,부산사상구장학회,성적향상장학금,지자체,장학금,성적우수,해당없음,1000000원 
832,한국장애인재활협회,KB두드림스타장학생,관계부처,장학금,장애인,해당없음,해당없음
833,재단법인 김해시미래인재장학재단,성적향상장학금,지자체,장학금,성적우수,해당없음,500000원
834,재단법인 파주시행복장학회,재능장학생,지자체,장학금,특기자,해당없음,1000000원
835,(재)고창군장학재단,장학생(성적우수),지자체,장학금,지역연고,해당없음,500000원
836,재단법인 대구광역시인재육성장학재단,성적우수 저소득층 장학금,지자체,장학금,성적우수,해당없음,1000000원 
837,재단법인김제사랑장학재단,꿈키움장학금,지자체,장학금,지역연고,해당없음,1000000원
838,사단법인 광주광역시 동구 인재육성장학회,대안학교 학생,지자체,장학금,지역연고,1학년/2학년/3학년/제한없음,500000원
839,인슐레이션코리아드림재단,장학생,민간(기타),장학금,기타,해당없음,1200 캐나다 달러 (1인당)
840,아이들과 미래재단,삼성물산 건설재해자 자녀장학,민간(기업),장학금,기타,해당없음,장학금 10개월 : 3000000원 
841,재단법인 대구광역시인재육성장학재단,선행봉사 장학금,지자체,장학금,기타,해당없음,1000000원 
842,사단법인 고령군교육발전위원회,학업능력우수장학생,지자체,장학금,지역연고,해당없음,1인당 1000000원 
843,(사)개벽장학회,꿈드림(복지)장학생,민간(기타),장학금,소득구분,해당없음,1000000원(생활비성 장학)
844,재단법인 수원시장학재단,사랑장학생,지자체,장학금,기타,해당없음,500000원
845,재단법인 천안사랑장학재단,재능장학금,지자체,장학금,특기자,해당없음,700000원
846,재단법인 천안사랑장학재단,천안꿈장학금,지자체,장학금,지역연고,해당없음,700000원
847,(재)보성군장학재단,아름드리장학생,지자체,장학금,지역연고,해당없음,1000000원 (고등학교 3년간 매년 지급)
848,재단법인 안산인재육성재단,송정꿈드림미술장학생,지자체,장학금,지역연고,해당없음,대상 1000000금상 700000은상 500.000동상 300000 
849,전라남도 영광군청,"원전지역장학(기초수급자,장애인)",지자체,장학금,지역연고,해당없음,300000원
850,재단법인 준제장학회,키움나무장학생,민간(기타),장학금,소득구분,해당없음,500000원
851,한국수력원자력(주),고리원자력본부장학(특별장학생),관계부처,장학금,지역연고,해당없음,700000원 * 생활비보조명목
852,(재)농서장학회,종중장학금,민간(기타),장학금,소득구분,해당없음,1인당 1000000원
853,양록장학회,학력우수장학,지자체,장학금,지역연고,해당없음,500000원
854,재단법인 대구광역시인재육성장학재단,석식지원 장학금,지자체,장학금,기타,해당없음,500000원 
855,근로복지공단,산재근로자자녀 장학,관계부처,장학금,기타,해당없음,입학금 수업료 학교운영지원비 전액 연간지원총액 5000000원* 고등학교 졸업시까지
856,사단법인 고령군교육발전위원회,전공관련 자격증 취득장학금,지자체,장학금,지역연고,해당없음,1인당 1000000원 이내 
857,사천시인재육성장학재단,성적향상장학생,지자체,장학금,지역연고,해당없음,200000원 ~ 500000원
858,(재)보성군장학재단,희망나래장학생,지자체,장학금,특기자,해당없음,500000원(학업장려금으로 이중수혜 가능)
859,시흥시인재양성재단,희망장학생,지자체,장학금,지역연고,해당없음,1000000원
860,재단법인 구미시장학재단,다자녀장학금,지자체,장학금,지역연고,해당없음,500000원
861,재단법인 금산교육사랑장학재단,재능장학금,지자체,장학금,특기자,해당없음,1000000원
862,재단법인청도군인재육성장학회,저소득장학생,지자체,장학금,지역연고,해당없음,11500000원 
863,재단법인구지면장학회,장학생,지자체,장학금,지역연고,해당없음,500000원
864,청송양수발전소장학회,성적우수장학생,민간(기타),장학금,지역연고,해당없음,500000원
865,재단법인 대구광역시인재육성장학재단,SOS장학금,지자체,장학금,기타,해당없음,해당없음
866,금왕장학회,성적장학생,민간(기타),장학금,지역연고,해당없음,1000000원
867,(재)고창군장학재단,장학생(특기),지자체,장학금,특기자,해당없음, * 개인/단체전국대회 1~3위 이상 : 700000원 ~ 1500000원도 대회 1~3위 이상 : 500000원 ~ 1000000원군 대회 1위 : 500000원 * 기술·기능분야 자격증 취득기사급 이상 : 500000원산업기사·기능사금 : 200000원
868,시흥시인재양성재단,시흥꿈트리장학생,지자체,장학금,특기자,해당없음,1000000원
869,진주시청,복지장학생,지자체,장학금,소득구분,해당없음,1000000원
870,재단법인 광주북구 장학회,동행장학생,지자체,장학금,기타,해당없음,500000원
871,용산구청,꿈나무(일반장학생),지자체,장학금,지역연고,1학년/2학년/3학년/제한없음,500000원
872,재단법인 대구광역시인재육성장학재단,특기생 장학금,지자체,장학금,기타,해당없음,1000000원 
873,재단법인 동구교육발전장학회,장기후원장학금,지자체,장학금,기타,해당없음,해당없음
874,부마민주항쟁기념재단,장학생,민간(기타),장학금,기타,해당없음,500000원
875,재단법인고성향토장학회,희망드림 장학생,지자체,장학금,지역연고,해당없음,1000000원
876,재단법인 안산인재육성재단,대부사랑장학금,지자체,장학금,지역연고,해당없음,1인당 500000원 지역화폐로 제공 
877,재단법인 드림파크장학회,학업우수 장학생,민간(기타),장학금,성적우수,해당없음,해당없음
878,백운장학회(광양),선행장학생,지자체,장학금,지역연고,해당없음,700000원
879,수도권매립지주민지원협의체,우수장학생,민간(기타),장학금,성적우수,해당없음,1000000원
880,재단법인 부천교육문화재단(미사용),희망키움 장학생,민간(기타),장학금,기타,해당없음,1000000원
881,재단법인 부여군굿뜨래장학회,굿뜨래장학생,지자체,장학금,지역연고,해당없음,500000원
882,재단법인 대구광역시인재육성장학재단,대구교육인재육성장학금(자기관리),지자체,장학금,지역연고,해당없음,매년 재심사를 거쳐 고등학교 졸업시까지 지속 지원
883,성삼장학회,성삼장학생,지자체,장학금,지역연고,해당없음,500000원
884,수도권매립지주민지원협의체,자립장학생,민간(기타),장학금,소득구분,해당없음,1000000원
885,사단법인 고령군교육발전위원회,불우가정 장학생,지자체,장학금,지역연고,해당없음,1인당 500000원 이내 
886,군포사랑장학회,다문화,지자체,장학금,기타,해당없음,800000원
887,수도권매립지주민지원협의체,예체능특기생,민간(기타),장학금,특기자,해당없음, * 접수상황 및 적격자 심사결과에 따라 결정
888,재단법인정선장학회,일반장학금,지자체,장학금,지역연고,해당없음,1500000원
889,재단법인 안산인재육성재단,행복이음장학생,지자체,장학금,지역연고,해당없음,500000원 * 지역화폐로 지급
890,재단법인 대전광역시서구인재육성장학재단,성적우수장학생,지자체,장학금,지역연고,해당없음,1000000원(1인당)
891,중구월디장학회,월디장학금,지자체,장학금,지역연고,해당없음,1000000원
892,재단법인 목포인재육성재단,희망장학생(다자녀),지자체,장학금,지역연고,해당없음,500000원
893,KDB나눔재단,꿈단비장학생,민간(기업),장학금,소득구분,해당없음,중학생 월 1회 100000원고등학생 및 장애학생 월 1회 150000원2023년부터 물품 지원 (쌀 생필품 장학생 선호물품 등 지원)
894,대전광역시 동구차세대인재육성장학재단,특기장학생,지자체,장학금,특기자,해당없음,1000000원
895,재단법인 삼양이건장학재단,미래인재장학,민간(기타),장학금,기타,해당없음,1000000원 (학업 장려금)
896,울진군장학재단,특기장학금(관내),지자체,장학금,특기자,해당없음,개인전 : 1등 1000000원 / 2등 700000원/ 3등 500000원단체전(1인기준)* 첨부파일참조
897,재단법인 김해시미래인재장학재단,공익인재 장학생,대학교,장학금,기타,해당없음,1인당 500000원 
898,재단법인 세종특별자치시인재육성평생교육진흥원,다문화가정·북한이탈주민 장학생,지자체,장학금,지역연고,해당없음,900000원
899,재단법인 대전광역시서구인재육성장학재단,특기장학생,지자체,장학금,지역연고,해당없음,1000000원(1인당)
900,용산구청,꿈나무(지역사회봉사장학생),지자체,장학금,지역연고,1학년/2학년/3학년/제한없음,500000원
901,재단법인 금산교육사랑장학재단,다자녀장학생,지자체,장학금,기타,해당없음,1000000원
902,고연장학재단,장학금,민간(기타),장학금,기타,해당없음,해당없음
903,재단법인 순장학회,북한이탈주민 장학생,민간(기타),장학금,기타,해당없음,연간 2000000원
904,경기도민회장학회,예능.체육특기장학생,지자체,장학금,특기자,해당없음,1000000원 
905,(재)고창군장학재단,장학생(농어촌활력),지자체,장학금,지역연고,해당없음, * 식품가공·농림어업 분야 자격증 취득기사급 이상 : 각 500000원산업기사·기능사급 : 각 300000원 * 관련분야 연구논문 등 수상자1위 : 1000000원2위 : 700000원3위 : 500000원
906,양주시 희망장학재단,"특정지원(효/선행,다자녀,생산직)장학생",지자체,장학금,지역연고,해당없음,500000원
